Code,Name,industry_sw,industry_swcode
000001.SZ,平安银行,银行,1.00001E+15
000002.SZ,万科A,房地产,6.118E+15
000004.SZ,国农科技,医药生物,6.115E+15
000005.SZ,世纪星源,房地产,6.118E+15
000006.SZ,深振业A,房地产,6.118E+15
000007.SZ,零七股份,休闲服务,6.121E+15
000008.SZ,宝利来,休闲服务,6.121E+15
000009.SZ,中国宝安,综合,6.123E+15
000010.SZ,深华新,综合,6.123E+15
000011.SZ,深物业A,房地产,6.118E+15
000012.SZ,南玻A,建筑材料,6.10601E+15
000014.SZ,沙河股份,房地产,6.118E+15
000016.SZ,深康佳A,家用电器,6.111E+15
000017.SZ,深中华A,汽车,1.00001E+15
000018.SZ,中冠A,综合,6.123E+15
000019.SZ,深深宝A,食品饮料,6.112E+15
000020.SZ,深华发A,电子,6.108E+15
000021.SZ,长城开发,计算机,1.00001E+15
000022.SZ,深赤湾A,交通运输,6.117E+15
000023.SZ,深天地A,建筑材料,6.10601E+15
000024.SZ,招商地产,房地产,6.118E+15
000025.SZ,特力A,汽车,1.00001E+15
000026.SZ,飞亚达A,轻工制造,6.114E+15
000027.SZ,深圳能源,公用事业,6.116E+15
000028.SZ,国药一致,医药生物,6.115E+15
000029.SZ,深深房A,房地产,6.118E+15
000030.SZ,富奥股份,汽车,1.00001E+15
000031.SZ,中粮地产,房地产,6.118E+15
000032.SZ,深桑达A,通信,1.00001E+15
000033.SZ,*ST新都,休闲服务,6.121E+15
000034.SZ,深信泰丰,通信,1.00001E+15
000035.SZ,中国天楹,公用事业,6.116E+15
000036.SZ,华联控股,房地产,6.118E+15
000037.SZ,深南电A,公用事业,6.116E+15
000038.SZ,深大通,房地产,6.118E+15
000039.SZ,中集集团,机械设备,6.107E+15
000040.SZ,宝安地产,房地产,6.118E+15
000042.SZ,中洲控股,房地产,6.118E+15
000043.SZ,中航地产,房地产,6.118E+15
000045.SZ,深纺织A,电子,6.108E+15
000046.SZ,泛海控股,房地产,6.118E+15
000048.SZ,康达尔,农林牧渔,6.101E+15
000049.SZ,德赛电池,电子,6.108E+15
000050.SZ,深天马A,电子,6.108E+15
000055.SZ,方大集团,建筑装饰,6.10602E+15
000056.SZ,深国商,房地产,6.118E+15
000058.SZ,深赛格,商业贸易,6.12E+15
000059.SZ,华锦股份,化工,6.103E+15
000060.SZ,中金岭南,有色金属,6.105E+15
000061.SZ,农产品,商业贸易,6.12E+15
000062.SZ,深圳华强,商业贸易,6.12E+15
000063.SZ,中兴通讯,通信,1.00001E+15
000065.SZ,北方国际,建筑装饰,6.10602E+15
000066.SZ,长城电脑,计算机,1.00001E+15
000068.SZ,华控赛格,综合,6.123E+15
000069.SZ,华侨城A,房地产,6.118E+15
000070.SZ,特发信息,通信,1.00001E+15
000078.SZ,海王生物,医药生物,6.115E+15
000088.SZ,盐田港,交通运输,6.117E+15
000089.SZ,深圳机场,交通运输,6.117E+15
000090.SZ,天健集团,房地产,6.118E+15
000096.SZ,广聚能源,化工,6.103E+15
000099.SZ,中信海直,交通运输,6.117E+15
000100.SZ,TCL集团,家用电器,6.111E+15
000150.SZ,宜华地产,房地产,6.118E+15
000151.SZ,中成股份,商业贸易,6.12E+15
000153.SZ,丰原药业,医药生物,6.115E+15
000155.SZ,川化股份,化工,6.103E+15
000156.SZ,华数传媒,传媒,6.12201E+15
000157.SZ,中联重科,机械设备,6.107E+15
000158.SZ,常山股份,纺织服装,6.113E+15
000159.SZ,国际实业,采掘,6.102E+15
000301.SZ,东方市场,商业贸易,6.12E+15
000333.SZ,美的集团,家用电器,6.111E+15
000338.SZ,潍柴动力,汽车,1.00001E+15
000400.SZ,许继电气,电气设备,6.10701E+15
000401.SZ,冀东水泥,建筑材料,6.10601E+15
000402.SZ,金融街,房地产,6.118E+15
000403.SZ,ST生化,医药生物,6.115E+15
000404.SZ,华意压缩,家用电器,6.111E+15
000407.SZ,胜利股份,化工,6.103E+15
000408.SZ,金谷源,商业贸易,6.12E+15
000409.SZ,山东地矿,采掘,6.102E+15
000410.SZ,沈阳机床,机械设备,6.107E+15
000411.SZ,英特集团,医药生物,6.115E+15
000413.SZ,东旭光电,电子,6.108E+15
000415.SZ,渤海租赁,非银金融,1.00001E+15
000416.SZ,民生控股,商业贸易,6.12E+15
000417.SZ,合肥百货,商业贸易,6.12E+15
000418.SZ,小天鹅A,家用电器,6.111E+15
000419.SZ,通程控股,商业贸易,6.12E+15
000420.SZ,吉林化纤,化工,6.103E+15
000421.SZ,南京中北,综合,6.123E+15
000422.SZ,湖北宜化,化工,6.103E+15
000423.SZ,东阿阿胶,医药生物,6.115E+15
000425.SZ,徐工机械,机械设备,6.107E+15
000426.SZ,兴业矿业,有色金属,6.105E+15
000428.SZ,华天酒店,休闲服务,6.121E+15
000429.SZ,粤高速A,交通运输,6.117E+15
000430.SZ,张家界,休闲服务,6.121E+15
000488.SZ,晨鸣纸业,轻工制造,6.114E+15
000498.SZ,山东路桥,建筑装饰,6.10602E+15
000501.SZ,鄂武商A,商业贸易,6.12E+15
000502.SZ,绿景控股,房地产,6.118E+15
000503.SZ,海虹控股,传媒,6.12201E+15
000504.SZ,*ST传媒,传媒,6.12201E+15
000505.SZ,珠江控股,房地产,6.118E+15
000506.SZ,中润资源,房地产,6.118E+15
000507.SZ,珠海港,交通运输,6.117E+15
000509.SZ,华塑控股,建筑材料,6.10601E+15
000510.SZ,金路集团,化工,6.103E+15
000511.SZ,烯碳新材,有色金属,6.105E+15
000513.SZ,丽珠集团,医药生物,6.115E+15
000514.SZ,渝开发,房地产,6.118E+15
000516.SZ,开元投资,商业贸易,6.12E+15
000517.SZ,荣安地产,房地产,6.118E+15
000518.SZ,四环生物,医药生物,6.115E+15
000519.SZ,江南红箭,机械设备,6.107E+15
000520.SZ,*ST凤凰,交通运输,6.117E+15
000521.SZ,美菱电器,家用电器,6.111E+15
000523.SZ,广州浪奇,化工,6.103E+15
000524.SZ,东方宾馆,休闲服务,6.121E+15
000525.SZ,红太阳,化工,6.103E+15
000526.SZ,银润投资,房地产,6.118E+15
000528.SZ,柳工,机械设备,6.107E+15
000529.SZ,广弘控股,综合,6.123E+15
000530.SZ,大冷股份,机械设备,6.107E+15
000531.SZ,穗恒运A,公用事业,6.116E+15
000532.SZ,力合股份,电子,6.108E+15
000533.SZ,万家乐,家用电器,6.111E+15
000534.SZ,万泽股份,房地产,6.118E+15
000536.SZ,华映科技,电子,6.108E+15
000537.SZ,广宇发展,房地产,6.118E+15
000538.SZ,云南白药,医药生物,6.115E+15
000539.SZ,粤电力A,公用事业,6.116E+15
000540.SZ,中天城投,房地产,6.118E+15
000541.SZ,佛山照明,电子,6.108E+15
000543.SZ,皖能电力,公用事业,6.116E+15
000544.SZ,中原环保,公用事业,6.116E+15
000545.SZ,金浦钛业,化工,6.103E+15
000546.SZ,光华控股,综合,6.123E+15
000547.SZ,闽福发A,通信,1.00001E+15
000548.SZ,湖南投资,交通运输,6.117E+15
000550.SZ,江铃汽车,汽车,1.00001E+15
000551.SZ,创元科技,综合,6.123E+15
000552.SZ,靖远煤电,采掘,6.102E+15
000553.SZ,沙隆达A,化工,6.103E+15
000554.SZ,泰山石油,化工,6.103E+15
000555.SZ,神州信息,计算机,1.00001E+15
000557.SZ,*ST广夏,食品饮料,6.112E+15
000558.SZ,莱茵置业,房地产,6.118E+15
000559.SZ,万向钱潮,汽车,1.00001E+15
000560.SZ,昆百大A,商业贸易,6.12E+15
000561.SZ,烽火电子,通信,1.00001E+15
000562.SZ,宏源证券,非银金融,1.00001E+15
000563.SZ,陕国投A,非银金融,1.00001E+15
000564.SZ,西安民生,商业贸易,6.12E+15
000565.SZ,渝三峡A,化工,6.103E+15
000566.SZ,海南海药,医药生物,6.115E+15
000567.SZ,海德股份,房地产,6.118E+15
000568.SZ,泸州老窖,食品饮料,6.112E+15
000570.SZ,苏常柴A,机械设备,6.107E+15
000571.SZ,新大洲A,采掘,6.102E+15
000572.SZ,海马汽车,汽车,1.00001E+15
000573.SZ,粤宏远A,房地产,6.118E+15
000576.SZ,广东甘化,轻工制造,6.114E+15
000581.SZ,威孚高科,汽车,1.00001E+15
000582.SZ,北部湾港,交通运输,6.117E+15
000584.SZ,友利控股,化工,6.103E+15
000585.SZ,东北电气,电气设备,6.10701E+15
000586.SZ,汇源通信,通信,1.00001E+15
000587.SZ,金叶珠宝,轻工制造,6.114E+15
000589.SZ,黔轮胎A,化工,6.103E+15
000590.SZ,紫光古汉,医药生物,6.115E+15
000591.SZ,桐君阁,医药生物,6.115E+15
000592.SZ,平潭发展,农林牧渔,6.101E+15
000593.SZ,大通燃气,综合,6.123E+15
000594.SZ,*ST国恒,交通运输,6.117E+15
000595.SZ,西北轴承,机械设备,6.107E+15
000596.SZ,古井贡酒,食品饮料,6.112E+15
000597.SZ,东北制药,医药生物,6.115E+15
000598.SZ,兴蓉投资,公用事业,6.116E+15
000599.SZ,青岛双星,化工,6.103E+15
000600.SZ,建投能源,公用事业,6.116E+15
000601.SZ,韶能股份,公用事业,6.116E+15
000603.SZ,盛达矿业,有色金属,6.105E+15
000605.SZ,渤海股份,医药生物,6.115E+15
000606.SZ,青海明胶,医药生物,6.115E+15
000607.SZ,华智控股,机械设备,6.107E+15
000608.SZ,阳光股份,房地产,6.118E+15
000609.SZ,绵世股份,房地产,6.118E+15
000610.SZ,西安旅游,休闲服务,6.121E+15
000611.SZ,内蒙发展,商业贸易,6.12E+15
000612.SZ,焦作万方,有色金属,6.105E+15
000613.SZ,大东海A,休闲服务,6.121E+15
000615.SZ,湖北金环,化工,6.103E+15
000616.SZ,亿城投资,房地产,6.118E+15
000617.SZ,石油济柴,机械设备,6.107E+15
000619.SZ,海螺型材,建筑材料,6.10601E+15
000620.SZ,新华联,房地产,6.118E+15
000622.SZ,恒立实业,汽车,1.00001E+15
000623.SZ,吉林敖东,医药生物,6.115E+15
000625.SZ,长安汽车,汽车,1.00001E+15
000626.SZ,如意集团,商业贸易,6.12E+15
000627.SZ,天茂集团,化工,6.103E+15
000628.SZ,高新发展,综合,6.123E+15
000629.SZ,攀钢钒钛,采掘,6.102E+15
000630.SZ,铜陵有色,有色金属,6.105E+15
000631.SZ,顺发恒业,房地产,6.118E+15
000632.SZ,三木集团,综合,6.123E+15
000633.SZ,合金投资,机械设备,6.107E+15
000635.SZ,英力特,化工,6.103E+15
000636.SZ,风华高科,电子,6.108E+15
000637.SZ,茂化实华,化工,6.103E+15
000638.SZ,万方发展,房地产,6.118E+15
000639.SZ,西王食品,农林牧渔,6.101E+15
000650.SZ,仁和药业,医药生物,6.115E+15
000651.SZ,格力电器,家用电器,6.111E+15
000652.SZ,泰达股份,综合,6.123E+15
000655.SZ,金岭矿业,采掘,6.102E+15
000656.SZ,金科股份,房地产,6.118E+15
000657.SZ,中钨高新,有色金属,6.105E+15
000659.SZ,*ST中富,轻工制造,6.114E+15
000661.SZ,长春高新,医药生物,6.115E+15
000662.SZ,索芙特,化工,6.103E+15
000663.SZ,永安林业,农林牧渔,6.101E+15
000665.SZ,湖北广电,传媒,6.12201E+15
000666.SZ,经纬纺机,非银金融,1.00001E+15
000667.SZ,美好集团,房地产,6.118E+15
000668.SZ,荣丰控股,房地产,6.118E+15
000669.SZ,金鸿能源,公用事业,6.116E+15
000670.SZ,盈方微,房地产,6.118E+15
000671.SZ,阳光城,房地产,6.118E+15
000672.SZ,上峰水泥,建筑材料,6.10601E+15
000673.SZ,当代东方,传媒,6.12201E+15
000676.SZ,思达高科,机械设备,6.107E+15
000677.SZ,恒天海龙,化工,6.103E+15
000678.SZ,襄阳轴承,汽车,1.00001E+15
000679.SZ,大连友谊,商业贸易,6.12E+15
000680.SZ,山推股份,机械设备,6.107E+15
000681.SZ,视觉中国,传媒,6.12201E+15
000682.SZ,东方电子,电气设备,6.10701E+15
000683.SZ,远兴能源,采掘,6.102E+15
000685.SZ,中山公用,公用事业,6.116E+15
000686.SZ,东北证券,非银金融,1.00001E+15
000687.SZ,恒天天鹅,化工,6.103E+15
000688.SZ,建新矿业,有色金属,6.105E+15
000690.SZ,宝新能源,公用事业,6.116E+15
000691.SZ,亚太实业,房地产,6.118E+15
000692.SZ,惠天热电,公用事业,6.116E+15
000693.SZ,华泽钴镍,有色金属,6.105E+15
000695.SZ,滨海能源,公用事业,6.116E+15
000697.SZ,炼石有色,有色金属,6.105E+15
000698.SZ,沈阳化工,化工,6.103E+15
000700.SZ,模塑科技,汽车,1.00001E+15
000701.SZ,厦门信达,综合,6.123E+15
000702.SZ,正虹科技,农林牧渔,6.101E+15
000703.SZ,恒逸石化,化工,6.103E+15
000705.SZ,浙江震元,医药生物,6.115E+15
000707.SZ,双环科技,化工,6.103E+15
000708.SZ,大冶特钢,钢铁,6.104E+15
000709.SZ,河北钢铁,钢铁,6.104E+15
000710.SZ,天兴仪表,汽车,1.00001E+15
000711.SZ,京蓝科技,综合,6.123E+15
000712.SZ,锦龙股份,综合,6.123E+15
000713.SZ,丰乐种业,农林牧渔,6.101E+15
000715.SZ,中兴商业,商业贸易,6.12E+15
000716.SZ,黑芝麻,食品饮料,6.112E+15
000717.SZ,韶钢松山,钢铁,6.104E+15
000718.SZ,苏宁环球,房地产,6.118E+15
000719.SZ,大地传媒,传媒,6.12201E+15
000720.SZ,新能泰山,公用事业,6.116E+15
000721.SZ,西安饮食,休闲服务,6.121E+15
000722.SZ,湖南发展,公用事业,6.116E+15
000723.SZ,美锦能源,采掘,6.102E+15
000725.SZ,京东方A,电子,6.108E+15
000726.SZ,鲁泰A,纺织服装,6.113E+15
000727.SZ,华东科技,电子,6.108E+15
000728.SZ,国元证券,非银金融,1.00001E+15
000729.SZ,燕京啤酒,食品饮料,6.112E+15
000731.SZ,四川美丰,化工,6.103E+15
000732.SZ,泰禾集团,房地产,6.118E+15
000733.SZ,振华科技,电子,6.108E+15
000735.SZ,罗牛山,农林牧渔,6.101E+15
000736.SZ,中房地产,房地产,6.118E+15
000737.SZ,南风化工,化工,6.103E+15
000738.SZ,中航动控,国防军工,1.00001E+15
000739.SZ,普洛药业,医药生物,6.115E+15
000748.SZ,长城信息,计算机,1.00001E+15
000750.SZ,国海证券,非银金融,1.00001E+15
000751.SZ,锌业股份,有色金属,6.105E+15
000752.SZ,西藏发展,食品饮料,6.112E+15
000753.SZ,漳州发展,商业贸易,6.12E+15
000755.SZ,*ST三维,化工,6.103E+15
000756.SZ,新华制药,医药生物,6.115E+15
000757.SZ,浩物股份,汽车,1.00001E+15
000758.SZ,中色股份,有色金属,6.105E+15
000759.SZ,中百集团,商业贸易,6.12E+15
000760.SZ,斯太尔,汽车,1.00001E+15
000761.SZ,本钢板材,钢铁,6.104E+15
000762.SZ,西藏矿业,采掘,6.102E+15
000766.SZ,通化金马,医药生物,6.115E+15
000767.SZ,漳泽电力,公用事业,6.116E+15
000768.SZ,中航飞机,国防军工,1.00001E+15
000776.SZ,广发证券,非银金融,1.00001E+15
000777.SZ,中核科技,机械设备,6.107E+15
000778.SZ,新兴铸管,钢铁,6.104E+15
000779.SZ,*ST派神,纺织服装,6.113E+15
000780.SZ,平庄能源,采掘,6.102E+15
000782.SZ,美达股份,化工,6.103E+15
000783.SZ,长江证券,非银金融,1.00001E+15
000785.SZ,武汉中商,商业贸易,6.12E+15
000786.SZ,北新建材,建筑材料,6.10601E+15
000788.SZ,北大医药,医药生物,6.115E+15
000789.SZ,万年青,建筑材料,6.10601E+15
000790.SZ,华神集团,医药生物,6.115E+15
000791.SZ,甘肃电投,公用事业,6.116E+15
000792.SZ,盐湖股份,化工,6.103E+15
000793.SZ,华闻传媒,传媒,6.12201E+15
000795.SZ,太原刚玉,有色金属,6.105E+15
000796.SZ,易食股份,食品饮料,6.112E+15
000797.SZ,中国武夷,房地产,6.118E+15
000798.SZ,中水渔业,农林牧渔,6.101E+15
000799.SZ,酒鬼酒,食品饮料,6.112E+15
000800.SZ,一汽轿车,汽车,1.00001E+15
000801.SZ,四川九洲,家用电器,6.111E+15
000802.SZ,北京文化,休闲服务,6.121E+15
000803.SZ,金宇车城,房地产,6.118E+15
000806.SZ,银河投资,电气设备,6.10701E+15
000807.SZ,云铝股份,有色金属,6.105E+15
000809.SZ,铁岭新城,房地产,6.118E+15
000810.SZ,创维数字,纺织服装,6.113E+15
000811.SZ,烟台冰轮,机械设备,6.107E+15
000812.SZ,陕西金叶,轻工制造,6.114E+15
000813.SZ,天山纺织,综合,6.123E+15
000815.SZ,美利纸业,轻工制造,6.114E+15
000816.SZ,江淮动力,机械设备,6.107E+15
000818.SZ,方大化工,化工,6.103E+15
000819.SZ,岳阳兴长,化工,6.103E+15
000820.SZ,金城股份,轻工制造,6.114E+15
000821.SZ,京山轻机,机械设备,6.107E+15
000822.SZ,*ST海化,化工,6.103E+15
000823.SZ,超声电子,电子,6.108E+15
000825.SZ,太钢不锈,钢铁,6.104E+15
000826.SZ,桑德环境,公用事业,6.116E+15
000828.SZ,东莞控股,交通运输,6.117E+15
000829.SZ,天音控股,商业贸易,6.12E+15
000830.SZ,鲁西化工,化工,6.103E+15
000831.SZ,五矿稀土,有色金属,6.105E+15
000833.SZ,贵糖股份,轻工制造,6.114E+15
000835.SZ,四川圣达,采掘,6.102E+15
000836.SZ,鑫茂科技,通信,1.00001E+15
000837.SZ,秦川机床,机械设备,6.107E+15
000838.SZ,国兴地产,房地产,6.118E+15
000839.SZ,中信国安,综合,6.123E+15
000848.SZ,承德露露,食品饮料,6.112E+15
000850.SZ,华茂股份,纺织服装,6.113E+15
000851.SZ,高鸿股份,通信,1.00001E+15
000852.SZ,江钻股份,机械设备,6.107E+15
000856.SZ,冀东装备,机械设备,6.107E+15
000858.SZ,五粮液,食品饮料,6.112E+15
000859.SZ,国风塑业,化工,6.103E+15
000860.SZ,顺鑫农业,农林牧渔,6.101E+15
000861.SZ,海印股份,商业贸易,6.12E+15
000862.SZ,银星能源,电气设备,6.10701E+15
000863.SZ,三湘股份,房地产,6.118E+15
000868.SZ,安凯客车,汽车,1.00001E+15
000869.SZ,张裕A,食品饮料,6.112E+15
000875.SZ,吉电股份,公用事业,6.116E+15
000876.SZ,新希望,农林牧渔,6.101E+15
000877.SZ,天山股份,建筑材料,6.10601E+15
000878.SZ,云南铜业,有色金属,6.105E+15
000880.SZ,潍柴重机,机械设备,6.107E+15
000881.SZ,大连国际,综合,6.123E+15
000882.SZ,华联股份,商业贸易,6.12E+15
000883.SZ,湖北能源,公用事业,6.116E+15
000885.SZ,同力水泥,建筑材料,6.10601E+15
000886.SZ,海南高速,房地产,6.118E+15
000887.SZ,中鼎股份,汽车,1.00001E+15
000888.SZ,峨眉山A,休闲服务,6.121E+15
000889.SZ,茂业物流,商业贸易,6.12E+15
000890.SZ,法尔胜,机械设备,6.107E+15
000892.SZ,星美联合,综合,6.123E+15
000893.SZ,东凌粮油,农林牧渔,6.101E+15
000895.SZ,双汇发展,食品饮料,6.112E+15
000897.SZ,津滨发展,房地产,6.118E+15
000898.SZ,鞍钢股份,钢铁,6.104E+15
000899.SZ,赣能股份,公用事业,6.116E+15
000900.SZ,现代投资,交通运输,6.117E+15
000901.SZ,航天科技,机械设备,6.107E+15
000902.SZ,新洋丰,纺织服装,6.113E+15
000903.SZ,云内动力,汽车,1.00001E+15
000905.SZ,厦门港务,交通运输,6.117E+15
000906.SZ,物产中拓,钢铁,6.104E+15
000908.SZ,天一科技,机械设备,6.107E+15
000909.SZ,数源科技,房地产,6.118E+15
000910.SZ,大亚科技,轻工制造,6.114E+15
000911.SZ,南宁糖业,农林牧渔,6.101E+15
000912.SZ,泸天化,化工,6.103E+15
000913.SZ,钱江摩托,汽车,1.00001E+15
000915.SZ,山大华特,医药生物,6.115E+15
000916.SZ,华北高速,交通运输,6.117E+15
000917.SZ,电广传媒,传媒,6.12201E+15
000918.SZ,嘉凯城,房地产,6.118E+15
000919.SZ,金陵药业,医药生物,6.115E+15
000920.SZ,南方汇通,机械设备,6.107E+15
000921.SZ,海信科龙,家用电器,6.111E+15
000922.SZ,佳电股份,电气设备,6.10701E+15
000923.SZ,河北宣工,机械设备,6.107E+15
000925.SZ,众合机电,公用事业,6.116E+15
000926.SZ,福星股份,房地产,6.118E+15
000927.SZ,一汽夏利,汽车,1.00001E+15
000928.SZ,中钢国际,有色金属,6.105E+15
000929.SZ,兰州黄河,食品饮料,6.112E+15
000930.SZ,中粮生化,农林牧渔,6.101E+15
000931.SZ,中关村,房地产,6.118E+15
000932.SZ,华菱钢铁,钢铁,6.104E+15
000933.SZ,神火股份,采掘,6.102E+15
000935.SZ,四川双马,建筑材料,6.10601E+15
000936.SZ,华西股份,化工,6.103E+15
000937.SZ,冀中能源,采掘,6.102E+15
000938.SZ,紫光股份,计算机,1.00001E+15
000939.SZ,凯迪电力,公用事业,6.116E+15
000948.SZ,南天信息,计算机,1.00001E+15
000949.SZ,新乡化纤,化工,6.103E+15
000950.SZ,建峰化工,化工,6.103E+15
000951.SZ,中国重汽,汽车,1.00001E+15
000952.SZ,广济药业,医药生物,6.115E+15
000953.SZ,河池化工,化工,6.103E+15
000955.SZ,欣龙控股,纺织服装,6.113E+15
000957.SZ,中通客车,汽车,1.00001E+15
000958.SZ,东方能源,公用事业,6.116E+15
000959.SZ,首钢股份,钢铁,6.104E+15
000960.SZ,锡业股份,有色金属,6.105E+15
000961.SZ,中南建设,房地产,6.118E+15
000962.SZ,东方钽业,有色金属,6.105E+15
000963.SZ,华东医药,医药生物,6.115E+15
000965.SZ,天保基建,房地产,6.118E+15
000966.SZ,长源电力,公用事业,6.116E+15
000967.SZ,上风高科,电气设备,6.10701E+15
000968.SZ,煤气化,采掘,6.102E+15
000969.SZ,安泰科技,有色金属,6.105E+15
000970.SZ,中科三环,有色金属,6.105E+15
000971.SZ,蓝鼎控股,纺织服装,6.113E+15
000972.SZ,新中基,农林牧渔,6.101E+15
000973.SZ,佛塑科技,化工,6.103E+15
000975.SZ,银泰资源,有色金属,6.105E+15
000976.SZ,春晖股份,化工,6.103E+15
000977.SZ,浪潮信息,计算机,1.00001E+15
000978.SZ,桂林旅游,休闲服务,6.121E+15
000979.SZ,中弘股份,房地产,6.118E+15
000980.SZ,金马股份,汽车,1.00001E+15
000981.SZ,银亿股份,房地产,6.118E+15
000982.SZ,中银绒业,纺织服装,6.113E+15
000983.SZ,西山煤电,采掘,6.102E+15
000985.SZ,大庆华科,化工,6.103E+15
000987.SZ,广州友谊,商业贸易,6.12E+15
000988.SZ,华工科技,电子,6.108E+15
000989.SZ,九芝堂,医药生物,6.115E+15
000990.SZ,诚志股份,医药生物,6.115E+15
000993.SZ,闽东电力,公用事业,6.116E+15
000995.SZ,皇台酒业,食品饮料,6.112E+15
000996.SZ,中国中期,非银金融,1.00001E+15
000997.SZ,新大陆,计算机,1.00001E+15
000998.SZ,隆平高科,农林牧渔,6.101E+15
000999.SZ,华润三九,医药生物,6.115E+15
001696.SZ,宗申动力,汽车,1.00001E+15
001896.SZ,豫能控股,公用事业,6.116E+15
002001.SZ,新和成,医药生物,6.115E+15
002002.SZ,鸿达兴业,化工,6.103E+15
002003.SZ,伟星股份,纺织服装,6.113E+15
002004.SZ,华邦颖泰,化工,6.103E+15
002005.SZ,德豪润达,电子,6.108E+15
002006.SZ,*ST精功,机械设备,6.107E+15
002007.SZ,华兰生物,医药生物,6.115E+15
002008.SZ,大族激光,电子,6.108E+15
002009.SZ,天奇股份,机械设备,6.107E+15
002010.SZ,传化股份,化工,6.103E+15
002011.SZ,盾安环境,家用电器,6.111E+15
002012.SZ,凯恩股份,轻工制造,6.114E+15
002013.SZ,中航机电,国防军工,1.00001E+15
002014.SZ,永新股份,轻工制造,6.114E+15
002015.SZ,*ST霞客,化工,6.103E+15
002016.SZ,世荣兆业,房地产,6.118E+15
002017.SZ,东信和平,通信,1.00001E+15
002018.SZ,华信国际,化工,6.103E+15
002019.SZ,亿帆鑫富,医药生物,6.115E+15
002020.SZ,京新药业,医药生物,6.115E+15
002021.SZ,中捷资源,机械设备,6.107E+15
002022.SZ,科华生物,医药生物,6.115E+15
002023.SZ,海特高新,国防军工,1.00001E+15
002024.SZ,苏宁云商,商业贸易,6.12E+15
002025.SZ,航天电器,电子,6.108E+15
002026.SZ,山东威达,机械设备,6.107E+15
002027.SZ,七喜控股,计算机,1.00001E+15
002028.SZ,思源电气,电气设备,6.10701E+15
002029.SZ,七匹狼,纺织服装,6.113E+15
002030.SZ,达安基因,医药生物,6.115E+15
002031.SZ,巨轮股份,机械设备,6.107E+15
002032.SZ,苏泊尔,家用电器,6.111E+15
002033.SZ,丽江旅游,休闲服务,6.121E+15
002034.SZ,美欣达,纺织服装,6.113E+15
002035.SZ,华帝股份,家用电器,6.111E+15
002036.SZ,宜科科技,纺织服装,6.113E+15
002037.SZ,久联发展,化工,6.103E+15
002038.SZ,双鹭药业,医药生物,6.115E+15
002039.SZ,黔源电力,公用事业,6.116E+15
002040.SZ,南京港,交通运输,6.117E+15
002041.SZ,登海种业,农林牧渔,6.101E+15
002042.SZ,华孚色纺,纺织服装,6.113E+15
002043.SZ,兔宝宝,建筑材料,6.10601E+15
002044.SZ,江苏三友,纺织服装,6.113E+15
002045.SZ,国光电器,电子,6.108E+15
002046.SZ,轴研科技,机械设备,6.107E+15
002047.SZ,宝鹰股份,建筑装饰,6.10602E+15
002048.SZ,宁波华翔,汽车,1.00001E+15
002049.SZ,同方国芯,电子,6.108E+15
002050.SZ,三花股份,家用电器,6.111E+15
002051.SZ,中工国际,建筑装饰,6.10602E+15
002052.SZ,同洲电子,家用电器,6.111E+15
002053.SZ,云南盐化,化工,6.103E+15
002054.SZ,德美化工,化工,6.103E+15
002055.SZ,得润电子,电子,6.108E+15
002056.SZ,横店东磁,电子,6.108E+15
002057.SZ,中钢天源,有色金属,6.105E+15
002058.SZ,威尔泰,电气设备,6.10701E+15
002059.SZ,云南旅游,休闲服务,6.121E+15
002060.SZ,粤水电,建筑装饰,6.10602E+15
002061.SZ,江山化工,化工,6.103E+15
002062.SZ,宏润建设,建筑装饰,6.10602E+15
002063.SZ,远光软件,计算机,1.00001E+15
002064.SZ,华峰氨纶,化工,6.103E+15
002065.SZ,东华软件,计算机,1.00001E+15
002066.SZ,瑞泰科技,建筑材料,6.10601E+15
002067.SZ,景兴纸业,轻工制造,6.114E+15
002068.SZ,黑猫股份,化工,6.103E+15
002069.SZ,獐子岛,农林牧渔,6.101E+15
002070.SZ,众和股份,纺织服装,6.113E+15
002071.SZ,长城影视,轻工制造,6.114E+15
002072.SZ,凯瑞德,纺织服装,6.113E+15
002073.SZ,软控股份,机械设备,6.107E+15
002074.SZ,东源电器,电气设备,6.10701E+15
002075.SZ,沙钢股份,钢铁,6.104E+15
002076.SZ,雪莱特,电子,6.108E+15
002077.SZ,大港股份,房地产,6.118E+15
002078.SZ,太阳纸业,轻工制造,6.114E+15
002079.SZ,苏州固锝,电子,6.108E+15
002080.SZ,中材科技,化工,6.103E+15
002081.SZ,金螳螂,建筑装饰,6.10602E+15
002082.SZ,栋梁新材,建筑材料,6.10601E+15
002083.SZ,孚日股份,纺织服装,6.113E+15
002084.SZ,海鸥卫浴,轻工制造,6.114E+15
002085.SZ,万丰奥威,汽车,1.00001E+15
002086.SZ,东方海洋,农林牧渔,6.101E+15
002087.SZ,新野纺织,纺织服装,6.113E+15
002088.SZ,鲁阳股份,建筑材料,6.10601E+15
002089.SZ,新海宜,通信,1.00001E+15
002090.SZ,金智科技,电气设备,6.10701E+15
002091.SZ,江苏国泰,商业贸易,6.12E+15
002092.SZ,中泰化学,化工,6.103E+15
002093.SZ,国脉科技,通信,1.00001E+15
002094.SZ,青岛金王,轻工制造,6.114E+15
002095.SZ,生意宝,传媒,6.12201E+15
002096.SZ,南岭民爆,化工,6.103E+15
002097.SZ,山河智能,机械设备,6.107E+15
002098.SZ,浔兴股份,纺织服装,6.113E+15
002099.SZ,海翔药业,医药生物,6.115E+15
002100.SZ,天康生物,农林牧渔,6.101E+15
002101.SZ,广东鸿图,汽车,1.00001E+15
002102.SZ,冠福股份,商业贸易,6.12E+15
002103.SZ,广博股份,轻工制造,6.114E+15
002104.SZ,恒宝股份,通信,1.00001E+15
002105.SZ,信隆实业,汽车,1.00001E+15
002106.SZ,莱宝高科,电子,6.108E+15
002107.SZ,沃华医药,医药生物,6.115E+15
002108.SZ,沧州明珠,化工,6.103E+15
002109.SZ,兴化股份,化工,6.103E+15
002110.SZ,三钢闽光,钢铁,6.104E+15
002111.SZ,威海广泰,机械设备,6.107E+15
002112.SZ,三变科技,电气设备,6.10701E+15
002113.SZ,天润控股,综合,6.123E+15
002114.SZ,罗平锌电,有色金属,6.105E+15
002115.SZ,三维通信,通信,1.00001E+15
002116.SZ,中国海诚,建筑装饰,6.10602E+15
002117.SZ,东港股份,轻工制造,6.114E+15
002118.SZ,紫鑫药业,医药生物,6.115E+15
002119.SZ,康强电子,电子,6.108E+15
002120.SZ,新海股份,轻工制造,6.114E+15
002121.SZ,科陆电子,电气设备,6.10701E+15
002122.SZ,天马股份,机械设备,6.107E+15
002123.SZ,荣信股份,电气设备,6.10701E+15
002124.SZ,天邦股份,农林牧渔,6.101E+15
002125.SZ,湘潭电化,化工,6.103E+15
002126.SZ,银轮股份,汽车,1.00001E+15
002127.SZ,*ST新民,化工,6.103E+15
002128.SZ,露天煤业,采掘,6.102E+15
002129.SZ,中环股份,电子,6.108E+15
002130.SZ,沃尔核材,有色金属,6.105E+15
002131.SZ,利欧股份,机械设备,6.107E+15
002132.SZ,恒星科技,机械设备,6.107E+15
002133.SZ,广宇集团,房地产,6.118E+15
002134.SZ,*ST普林,电子,6.108E+15
002135.SZ,东南网架,建筑装饰,6.10602E+15
002136.SZ,安纳达,化工,6.103E+15
002137.SZ,实益达,电子,6.108E+15
002138.SZ,顺络电子,电子,6.108E+15
002139.SZ,拓邦股份,电子,6.108E+15
002140.SZ,东华科技,建筑装饰,6.10602E+15
002141.SZ,蓉胜超微,电子,6.108E+15
002142.SZ,宁波银行,银行,1.00001E+15
002143.SZ,高金食品,农林牧渔,6.101E+15
002144.SZ,宏达高科,纺织服装,6.113E+15
002145.SZ,中核钛白,化工,6.103E+15
002146.SZ,荣盛发展,房地产,6.118E+15
002147.SZ,方圆支承,机械设备,6.107E+15
002148.SZ,北纬通信,传媒,6.12201E+15
002149.SZ,西部材料,有色金属,6.105E+15
002150.SZ,通润装备,机械设备,6.107E+15
002151.SZ,北斗星通,国防军工,1.00001E+15
002152.SZ,广电运通,计算机,1.00001E+15
002153.SZ,石基信息,计算机,1.00001E+15
002154.SZ,报喜鸟,纺织服装,6.113E+15
002155.SZ,辰州矿业,有色金属,6.105E+15
002156.SZ,通富微电,电子,6.108E+15
002157.SZ,正邦科技,农林牧渔,6.101E+15
002158.SZ,汉钟精机,机械设备,6.107E+15
002159.SZ,三特索道,休闲服务,6.121E+15
002160.SZ,*ST常铝,有色金属,6.105E+15
002161.SZ,远望谷,电子,6.108E+15
002162.SZ,斯米克,建筑材料,6.10601E+15
002163.SZ,*ST三鑫,建筑材料,6.10601E+15
002164.SZ,*ST东力,机械设备,6.107E+15
002165.SZ,红宝丽,化工,6.103E+15
002166.SZ,莱茵生物,医药生物,6.115E+15
002167.SZ,东方锆业,有色金属,6.105E+15
002168.SZ,深圳惠程,电气设备,6.10701E+15
002169.SZ,智光电气,电气设备,6.10701E+15
002170.SZ,芭田股份,化工,6.103E+15
002171.SZ,精诚铜业,有色金属,6.105E+15
002172.SZ,澳洋科技,化工,6.103E+15
002173.SZ,千足珍珠,农林牧渔,6.101E+15
002174.SZ,游族网络,传媒,6.12201E+15
002175.SZ,广陆数测,机械设备,6.107E+15
002176.SZ,江特电机,电气设备,6.10701E+15
002177.SZ,御银股份,计算机,1.00001E+15
002178.SZ,延华智能,建筑装饰,6.10602E+15
002179.SZ,中航光电,电子,6.108E+15
002180.SZ,艾派克,电气设备,6.10701E+15
002181.SZ,粤传媒,传媒,6.12201E+15
002182.SZ,云海金属,有色金属,6.105E+15
002183.SZ,怡亚通,交通运输,6.117E+15
002184.SZ,海得控制,电气设备,6.10701E+15
002185.SZ,华天科技,电子,6.108E+15
002186.SZ,全聚德,休闲服务,6.121E+15
002187.SZ,广百股份,商业贸易,6.12E+15
002188.SZ,新嘉联,电子,6.108E+15
002189.SZ,利达光电,电子,6.108E+15
002190.SZ,成飞集成,国防军工,1.00001E+15
002191.SZ,劲嘉股份,轻工制造,6.114E+15
002192.SZ,路翔股份,化工,6.103E+15
002193.SZ,山东如意,纺织服装,6.113E+15
002194.SZ,武汉凡谷,通信,1.00001E+15
002195.SZ,海隆软件,计算机,1.00001E+15
002196.SZ,方正电机,电气设备,6.10701E+15
002197.SZ,证通电子,计算机,1.00001E+15
002198.SZ,嘉应制药,医药生物,6.115E+15
002199.SZ,东晶电子,电子,6.108E+15
002200.SZ,云投生态,建筑装饰,6.10602E+15
002201.SZ,九鼎新材,化工,6.103E+15
002202.SZ,金风科技,电气设备,6.10701E+15
002203.SZ,海亮股份,有色金属,6.105E+15
002204.SZ,大连重工,机械设备,6.107E+15
002205.SZ,国统股份,建筑材料,6.10601E+15
002206.SZ,海利得,化工,6.103E+15
002207.SZ,准油股份,采掘,6.102E+15
002208.SZ,合肥城建,房地产,6.118E+15
002209.SZ,达意隆,机械设备,6.107E+15
002210.SZ,飞马国际,交通运输,6.117E+15
002211.SZ,宏达新材,化工,6.103E+15
002212.SZ,南洋股份,电气设备,6.10701E+15
002213.SZ,特尔佳,汽车,1.00001E+15
002214.SZ,大立科技,电子,6.108E+15
002215.SZ,诺普信,化工,6.103E+15
002216.SZ,三全食品,食品饮料,6.112E+15
002217.SZ,*ST合泰,化工,6.103E+15
002218.SZ,拓日新能,电气设备,6.10701E+15
002219.SZ,恒康医疗,医药生物,6.115E+15
002220.SZ,天宝股份,农林牧渔,6.101E+15
002221.SZ,东华能源,化工,6.103E+15
002222.SZ,福晶科技,电子,6.108E+15
002223.SZ,鱼跃医疗,医药生物,6.115E+15
002224.SZ,三力士,化工,6.103E+15
002225.SZ,濮耐股份,建筑材料,6.10601E+15
002226.SZ,江南化工,化工,6.103E+15
002227.SZ,奥特迅,电气设备,6.10701E+15
002228.SZ,合兴包装,轻工制造,6.114E+15
002229.SZ,鸿博股份,轻工制造,6.114E+15
002230.SZ,科大讯飞,计算机,1.00001E+15
002231.SZ,奥维通信,通信,1.00001E+15
002232.SZ,启明信息,计算机,1.00001E+15
002233.SZ,塔牌集团,建筑材料,6.10601E+15
002234.SZ,*ST民和,农林牧渔,6.101E+15
002235.SZ,安妮股份,轻工制造,6.114E+15
002236.SZ,大华股份,计算机,1.00001E+15
002237.SZ,恒邦股份,有色金属,6.105E+15
002238.SZ,天威视讯,传媒,6.12201E+15
002239.SZ,金飞达,纺织服装,6.113E+15
002240.SZ,威华股份,轻工制造,6.114E+15
002241.SZ,歌尔声学,电子,6.108E+15
002242.SZ,九阳股份,家用电器,6.111E+15
002243.SZ,通产丽星,轻工制造,6.114E+15
002244.SZ,滨江集团,房地产,6.118E+15
002245.SZ,澳洋顺昌,交通运输,6.117E+15
002246.SZ,北化股份,化工,6.103E+15
002247.SZ,帝龙新材,轻工制造,6.114E+15
002248.SZ,*ST东数,机械设备,6.107E+15
002249.SZ,大洋电机,电气设备,6.10701E+15
002250.SZ,联化科技,化工,6.103E+15
002251.SZ,步步高,商业贸易,6.12E+15
002252.SZ,上海莱士,医药生物,6.115E+15
002253.SZ,川大智胜,计算机,1.00001E+15
002254.SZ,泰和新材,化工,6.103E+15
002255.SZ,海陆重工,电气设备,6.10701E+15
002256.SZ,彩虹精化,化工,6.103E+15
002258.SZ,利尔化学,化工,6.103E+15
002259.SZ,升达林业,轻工制造,6.114E+15
002260.SZ,伊立浦,家用电器,6.111E+15
002261.SZ,拓维信息,传媒,6.12201E+15
002262.SZ,恩华药业,医药生物,6.115E+15
002263.SZ,大东南,轻工制造,6.114E+15
002264.SZ,新华都,商业贸易,6.12E+15
002265.SZ,西仪股份,汽车,1.00001E+15
002266.SZ,浙富控股,电气设备,6.10701E+15
002267.SZ,陕天然气,公用事业,6.116E+15
002268.SZ,卫士通,计算机,1.00001E+15
002269.SZ,美邦服饰,纺织服装,6.113E+15
002270.SZ,法因数控,机械设备,6.107E+15
002271.SZ,东方雨虹,建筑材料,6.10601E+15
002272.SZ,川润股份,机械设备,6.107E+15
002273.SZ,水晶光电,电子,6.108E+15
002274.SZ,华昌化工,化工,6.103E+15
002275.SZ,桂林三金,医药生物,6.115E+15
002276.SZ,万马股份,电气设备,6.10701E+15
002277.SZ,友阿股份,商业贸易,6.12E+15
002278.SZ,神开股份,机械设备,6.107E+15
002279.SZ,久其软件,计算机,1.00001E+15
002280.SZ,新世纪,计算机,1.00001E+15
002281.SZ,光迅科技,通信,1.00001E+15
002282.SZ,博深工具,机械设备,6.107E+15
002283.SZ,天润曲轴,汽车,1.00001E+15
002284.SZ,亚太股份,汽车,1.00001E+15
002285.SZ,世联行,房地产,6.118E+15
002286.SZ,保龄宝,农林牧渔,6.101E+15
002287.SZ,奇正藏药,医药生物,6.115E+15
002288.SZ,超华科技,电子,6.108E+15
002289.SZ,宇顺电子,电子,6.108E+15
002290.SZ,禾盛新材,家用电器,6.111E+15
002291.SZ,星期六,纺织服装,6.113E+15
002292.SZ,奥飞动漫,传媒,6.12201E+15
002293.SZ,罗莱家纺,纺织服装,6.113E+15
002294.SZ,信立泰,医药生物,6.115E+15
002295.SZ,精艺股份,有色金属,6.105E+15
002296.SZ,辉煌科技,计算机,1.00001E+15
002297.SZ,博云新材,国防军工,1.00001E+15
002298.SZ,鑫龙电器,电气设备,6.10701E+15
002299.SZ,圣农发展,农林牧渔,6.101E+15
002300.SZ,太阳电缆,电气设备,6.10701E+15
002301.SZ,齐心集团,轻工制造,6.114E+15
002302.SZ,西部建设,建筑材料,6.10601E+15
002303.SZ,美盈森,轻工制造,6.114E+15
002304.SZ,洋河股份,食品饮料,6.112E+15
002305.SZ,南国置业,房地产,6.118E+15
002306.SZ,中科云网,休闲服务,6.121E+15
002307.SZ,北新路桥,建筑装饰,6.10602E+15
002308.SZ,威创股份,计算机,1.00001E+15
002309.SZ,中利科技,电气设备,6.10701E+15
002310.SZ,东方园林,建筑装饰,6.10602E+15
002311.SZ,海大集团,农林牧渔,6.101E+15
002312.SZ,三泰电子,计算机,1.00001E+15
002313.SZ,日海通讯,通信,1.00001E+15
002314.SZ,雅致股份,建筑材料,6.10601E+15
002315.SZ,焦点科技,传媒,6.12201E+15
002316.SZ,键桥通讯,通信,1.00001E+15
002317.SZ,众生药业,医药生物,6.115E+15
002318.SZ,久立特材,钢铁,6.104E+15
002319.SZ,乐通股份,化工,6.103E+15
002320.SZ,海峡股份,交通运输,6.117E+15
002321.SZ,华英农业,农林牧渔,6.101E+15
002322.SZ,理工监测,电气设备,6.10701E+15
002323.SZ,中联电气,电气设备,6.10701E+15
002324.SZ,普利特,化工,6.103E+15
002325.SZ,洪涛股份,建筑装饰,6.10602E+15
002326.SZ,永太科技,化工,6.103E+15
002327.SZ,富安娜,纺织服装,6.113E+15
002328.SZ,新朋股份,汽车,1.00001E+15
002329.SZ,皇氏乳业,食品饮料,6.112E+15
002330.SZ,得利斯,食品饮料,6.112E+15
002331.SZ,皖通科技,计算机,1.00001E+15
002332.SZ,仙琚制药,医药生物,6.115E+15
002333.SZ,罗普斯金,建筑材料,6.10601E+15
002334.SZ,英威腾,电气设备,6.10701E+15
002335.SZ,科华恒盛,电气设备,6.10701E+15
002336.SZ,人人乐,商业贸易,6.12E+15
002337.SZ,赛象科技,机械设备,6.107E+15
002338.SZ,奥普光电,机械设备,6.107E+15
002339.SZ,积成电子,电气设备,6.10701E+15
002340.SZ,格林美,有色金属,6.105E+15
002341.SZ,新纶科技,公用事业,6.116E+15
002342.SZ,巨力索具,机械设备,6.107E+15
002343.SZ,禾欣股份,化工,6.103E+15
002344.SZ,海宁皮城,商业贸易,6.12E+15
002345.SZ,潮宏基,轻工制造,6.114E+15
002346.SZ,柘中建设,建筑材料,6.10601E+15
002347.SZ,泰尔重工,机械设备,6.107E+15
002348.SZ,高乐股份,轻工制造,6.114E+15
002349.SZ,精华制药,医药生物,6.115E+15
002350.SZ,北京科锐,电气设备,6.10701E+15
002351.SZ,漫步者,电子,6.108E+15
002352.SZ,鼎泰新材,机械设备,6.107E+15
002353.SZ,杰瑞股份,机械设备,6.107E+15
002354.SZ,科冕木业,传媒,6.12201E+15
002355.SZ,兴民钢圈,汽车,1.00001E+15
002356.SZ,浩宁达,电气设备,6.10701E+15
002357.SZ,富临运业,交通运输,6.117E+15
002358.SZ,森源电气,电气设备,6.10701E+15
002359.SZ,齐星铁塔,电气设备,6.10701E+15
002360.SZ,同德化工,化工,6.103E+15
002361.SZ,神剑股份,化工,6.103E+15
002362.SZ,汉王科技,计算机,1.00001E+15
002363.SZ,隆基机械,汽车,1.00001E+15
002364.SZ,中恒电气,电气设备,6.10701E+15
002365.SZ,永安药业,医药生物,6.115E+15
002366.SZ,丹甫股份,家用电器,6.111E+15
002367.SZ,康力电梯,机械设备,6.107E+15
002368.SZ,太极股份,计算机,1.00001E+15
002369.SZ,卓翼科技,电子,6.108E+15
002370.SZ,亚太药业,医药生物,6.115E+15
002371.SZ,七星电子,电子,6.108E+15
002372.SZ,伟星新材,建筑材料,6.10601E+15
002373.SZ,千方科技,计算机,1.00001E+15
002374.SZ,丽鹏股份,轻工制造,6.114E+15
002375.SZ,亚厦股份,建筑装饰,6.10602E+15
002376.SZ,新北洋,计算机,1.00001E+15
002377.SZ,国创高新,化工,6.103E+15
002378.SZ,章源钨业,有色金属,6.105E+15
002379.SZ,鲁丰环保,有色金属,6.105E+15
002380.SZ,科远股份,计算机,1.00001E+15
002381.SZ,双箭股份,化工,6.103E+15
002382.SZ,蓝帆医疗,化工,6.103E+15
002383.SZ,合众思壮,计算机,1.00001E+15
002384.SZ,东山精密,电子,6.108E+15
002385.SZ,大北农,农林牧渔,6.101E+15
002386.SZ,天原集团,化工,6.103E+15
002387.SZ,黑牛食品,食品饮料,6.112E+15
002388.SZ,新亚制程,电子,6.108E+15
002389.SZ,南洋科技,电子,6.108E+15
002390.SZ,信邦制药,医药生物,6.115E+15
002391.SZ,长青股份,化工,6.103E+15
002392.SZ,北京利尔,建筑材料,6.10601E+15
002393.SZ,力生制药,医药生物,6.115E+15
002394.SZ,联发股份,纺织服装,6.113E+15
002395.SZ,双象股份,化工,6.103E+15
002396.SZ,星网锐捷,通信,1.00001E+15
002397.SZ,梦洁家纺,纺织服装,6.113E+15
002398.SZ,建研集团,建筑材料,6.10601E+15
002399.SZ,海普瑞,医药生物,6.115E+15
002400.SZ,省广股份,传媒,6.12201E+15
002401.SZ,中海科技,计算机,1.00001E+15
002402.SZ,和而泰,电子,6.108E+15
002403.SZ,爱仕达,家用电器,6.111E+15
002404.SZ,嘉欣丝绸,纺织服装,6.113E+15
002405.SZ,四维图新,计算机,1.00001E+15
002406.SZ,远东传动,汽车,1.00001E+15
002407.SZ,多氟多,化工,6.103E+15
002408.SZ,齐翔腾达,化工,6.103E+15
002409.SZ,雅克科技,化工,6.103E+15
002410.SZ,广联达,计算机,1.00001E+15
002411.SZ,九九久,化工,6.103E+15
002412.SZ,汉森制药,医药生物,6.115E+15
002413.SZ,常发股份,家用电器,6.111E+15
002414.SZ,高德红外,电子,6.108E+15
002415.SZ,海康威视,计算机,1.00001E+15
002416.SZ,爱施德,商业贸易,6.12E+15
002417.SZ,三元达,通信,1.00001E+15
002418.SZ,康盛股份,家用电器,6.111E+15
002419.SZ,天虹商场,商业贸易,6.12E+15
002420.SZ,毅昌股份,家用电器,6.111E+15
002421.SZ,达实智能,计算机,1.00001E+15
002422.SZ,科伦药业,医药生物,6.115E+15
002423.SZ,中原特钢,机械设备,6.107E+15
002424.SZ,贵州百灵,医药生物,6.115E+15
002425.SZ,凯撒股份,纺织服装,6.113E+15
002426.SZ,胜利精密,机械设备,6.107E+15
002427.SZ,尤夫股份,化工,6.103E+15
002428.SZ,云南锗业,有色金属,6.105E+15
002429.SZ,兆驰股份,家用电器,6.111E+15
002430.SZ,杭氧股份,机械设备,6.107E+15
002431.SZ,棕榈园林,建筑装饰,6.10602E+15
002432.SZ,九安医疗,医药生物,6.115E+15
002433.SZ,太安堂,医药生物,6.115E+15
002434.SZ,万里扬,汽车,1.00001E+15
002435.SZ,长江润发,机械设备,6.107E+15
002436.SZ,兴森科技,电子,6.108E+15
002437.SZ,誉衡药业,医药生物,6.115E+15
002438.SZ,江苏神通,机械设备,6.107E+15
002439.SZ,启明星辰,计算机,1.00001E+15
002440.SZ,闰土股份,化工,6.103E+15
002441.SZ,众业达,电气设备,6.10701E+15
002442.SZ,龙星化工,化工,6.103E+15
002443.SZ,金洲管道,钢铁,6.104E+15
002444.SZ,巨星科技,机械设备,6.107E+15
002445.SZ,中南重工,机械设备,6.107E+15
002446.SZ,盛路通信,通信,1.00001E+15
002447.SZ,壹桥苗业,农林牧渔,6.101E+15
002448.SZ,中原内配,汽车,1.00001E+15
002449.SZ,国星光电,电子,6.108E+15
002450.SZ,康得新,化工,6.103E+15
002451.SZ,摩恩电气,电气设备,6.10701E+15
002452.SZ,长高集团,电气设备,6.10701E+15
002453.SZ,天马精化,化工,6.103E+15
002454.SZ,松芝股份,汽车,1.00001E+15
002455.SZ,百川股份,化工,6.103E+15
002456.SZ,欧菲光,电子,6.108E+15
002457.SZ,青龙管业,建筑材料,6.10601E+15
002458.SZ,益生股份,农林牧渔,6.101E+15
002459.SZ,*ST天业,机械设备,6.107E+15
002460.SZ,赣锋锂业,有色金属,6.105E+15
002461.SZ,珠江啤酒,食品饮料,6.112E+15
002462.SZ,嘉事堂,医药生物,6.115E+15
002463.SZ,沪电股份,电子,6.108E+15
002464.SZ,金利科技,化工,6.103E+15
002465.SZ,海格通信,通信,1.00001E+15
002466.SZ,天齐锂业,有色金属,6.105E+15
002467.SZ,二六三,通信,1.00001E+15
002468.SZ,艾迪西,建筑材料,6.10601E+15
002469.SZ,三维工程,建筑装饰,6.10602E+15
002470.SZ,金正大,化工,6.103E+15
002471.SZ,中超电缆,电气设备,6.10701E+15
002472.SZ,双环传动,汽车,1.00001E+15
002473.SZ,圣莱达,家用电器,6.111E+15
002474.SZ,榕基软件,计算机,1.00001E+15
002475.SZ,立讯精密,电子,6.108E+15
002476.SZ,宝莫股份,化工,6.103E+15
002477.SZ,雏鹰农牧,农林牧渔,6.101E+15
002478.SZ,常宝股份,钢铁,6.104E+15
002479.SZ,富春环保,公用事业,6.116E+15
002480.SZ,新筑股份,机械设备,6.107E+15
002481.SZ,双塔食品,食品饮料,6.112E+15
002482.SZ,广田股份,建筑装饰,6.10602E+15
002483.SZ,润邦股份,机械设备,6.107E+15
002484.SZ,江海股份,电子,6.108E+15
002485.SZ,希努尔,纺织服装,6.113E+15
002486.SZ,嘉麟杰,纺织服装,6.113E+15
002487.SZ,大金重工,机械设备,6.107E+15
002488.SZ,金固股份,汽车,1.00001E+15
002489.SZ,浙江永强,轻工制造,6.114E+15
002490.SZ,山东墨龙,机械设备,6.107E+15
002491.SZ,通鼎光电,通信,1.00001E+15
002492.SZ,恒基达鑫,交通运输,6.117E+15
002493.SZ,荣盛石化,化工,6.103E+15
002494.SZ,华斯股份,纺织服装,6.113E+15
002495.SZ,佳隆股份,食品饮料,6.112E+15
002496.SZ,辉丰股份,化工,6.103E+15
002497.SZ,雅化集团,化工,6.103E+15
002498.SZ,汉缆股份,电气设备,6.10701E+15
002499.SZ,科林环保,机械设备,6.107E+15
002500.SZ,山西证券,非银金融,1.00001E+15
002501.SZ,利源精制,有色金属,6.105E+15
002502.SZ,骅威股份,轻工制造,6.114E+15
002503.SZ,搜于特,纺织服装,6.113E+15
002504.SZ,东光微电,电子,6.108E+15
002505.SZ,大康牧业,农林牧渔,6.101E+15
002506.SZ,*ST超日,电气设备,6.10701E+15
002507.SZ,涪陵榨菜,食品饮料,6.112E+15
002508.SZ,老板电器,家用电器,6.111E+15
002509.SZ,天广消防,机械设备,6.107E+15
002510.SZ,天汽模,机械设备,6.107E+15
002511.SZ,中顺洁柔,轻工制造,6.114E+15
002512.SZ,达华智能,电子,6.108E+15
002513.SZ,蓝丰生化,化工,6.103E+15
002514.SZ,宝馨科技,机械设备,6.107E+15
002515.SZ,金字火腿,食品饮料,6.112E+15
002516.SZ,江苏旷达,纺织服装,6.113E+15
002517.SZ,泰亚股份,纺织服装,6.113E+15
002518.SZ,科士达,电气设备,6.10701E+15
002519.SZ,银河电子,家用电器,6.111E+15
002520.SZ,日发精机,机械设备,6.107E+15
002521.SZ,齐峰新材,轻工制造,6.114E+15
002522.SZ,浙江众成,轻工制造,6.114E+15
002523.SZ,天桥起重,机械设备,6.107E+15
002524.SZ,光正集团,建筑装饰,6.10602E+15
002526.SZ,山东矿机,机械设备,6.107E+15
002527.SZ,新时达,电气设备,6.10701E+15
002528.SZ,英飞拓,计算机,1.00001E+15
002529.SZ,海源机械,机械设备,6.107E+15
002530.SZ,丰东股份,机械设备,6.107E+15
002531.SZ,天顺风能,电气设备,6.10701E+15
002532.SZ,新界泵业,机械设备,6.107E+15
002533.SZ,金杯电工,电气设备,6.10701E+15
002534.SZ,杭锅股份,电气设备,6.10701E+15
002535.SZ,林州重机,机械设备,6.107E+15
002536.SZ,西泵股份,汽车,1.00001E+15
002537.SZ,海立美达,机械设备,6.107E+15
002538.SZ,司尔特,化工,6.103E+15
002539.SZ,新都化工,化工,6.103E+15
002540.SZ,亚太科技,有色金属,6.105E+15
002541.SZ,鸿路钢构,建筑装饰,6.10602E+15
002542.SZ,中化岩土,建筑装饰,6.10602E+15
002543.SZ,万和电气,家用电器,6.111E+15
002544.SZ,杰赛科技,通信,1.00001E+15
002545.SZ,东方铁塔,电气设备,6.10701E+15
002546.SZ,新联电子,电气设备,6.10701E+15
002547.SZ,春兴精工,电子,6.108E+15
002548.SZ,金新农,农林牧渔,6.101E+15
002549.SZ,凯美特气,化工,6.103E+15
002550.SZ,千红制药,医药生物,6.115E+15
002551.SZ,尚荣医疗,医药生物,6.115E+15
002552.SZ,宝鼎重工,机械设备,6.107E+15
002553.SZ,南方轴承,汽车,1.00001E+15
002554.SZ,惠博普,采掘,6.102E+15
002555.SZ,顺荣股份,传媒,6.12201E+15
002556.SZ,辉隆股份,化工,6.103E+15
002557.SZ,洽洽食品,食品饮料,6.112E+15
002558.SZ,世纪游轮,休闲服务,6.121E+15
002559.SZ,亚威股份,机械设备,6.107E+15
002560.SZ,通达股份,电气设备,6.10701E+15
002561.SZ,徐家汇,商业贸易,6.12E+15
002562.SZ,兄弟科技,化工,6.103E+15
002563.SZ,森马服饰,纺织服装,6.113E+15
002564.SZ,天沃科技,机械设备,6.107E+15
002565.SZ,上海绿新,轻工制造,6.114E+15
002566.SZ,益盛药业,医药生物,6.115E+15
002567.SZ,唐人神,农林牧渔,6.101E+15
002568.SZ,百润股份,食品饮料,6.112E+15
002569.SZ,步森股份,纺织服装,6.113E+15
002570.SZ,贝因美,食品饮料,6.112E+15
002571.SZ,德力股份,轻工制造,6.114E+15
002572.SZ,索菲亚,轻工制造,6.114E+15
002573.SZ,国电清新,公用事业,6.116E+15
002574.SZ,明牌珠宝,轻工制造,6.114E+15
002575.SZ,群兴玩具,轻工制造,6.114E+15
002576.SZ,通达动力,电气设备,6.10701E+15
002577.SZ,雷柏科技,计算机,1.00001E+15
002578.SZ,闽发铝业,有色金属,6.105E+15
002579.SZ,中京电子,电子,6.108E+15
002580.SZ,圣阳股份,电气设备,6.10701E+15
002581.SZ,万昌科技,化工,6.103E+15
002582.SZ,好想你,食品饮料,6.112E+15
002583.SZ,海能达,通信,1.00001E+15
002584.SZ,西陇化工,化工,6.103E+15
002585.SZ,双星新材,轻工制造,6.114E+15
002586.SZ,围海股份,建筑装饰,6.10602E+15
002587.SZ,奥拓电子,电子,6.108E+15
002588.SZ,史丹利,化工,6.103E+15
002589.SZ,瑞康医药,医药生物,6.115E+15
002590.SZ,万安科技,汽车,1.00001E+15
002591.SZ,恒大高新,化工,6.103E+15
002592.SZ,八菱科技,汽车,1.00001E+15
002593.SZ,日上集团,汽车,1.00001E+15
002594.SZ,比亚迪,汽车,1.00001E+15
002595.SZ,豪迈科技,机械设备,6.107E+15
002596.SZ,海南瑞泽,建筑材料,6.10601E+15
002597.SZ,金禾实业,化工,6.103E+15
002598.SZ,山东章鼓,机械设备,6.107E+15
002599.SZ,盛通股份,轻工制造,6.114E+15
002600.SZ,江粉磁材,有色金属,6.105E+15
002601.SZ,佰利联,化工,6.103E+15
002602.SZ,世纪华通,汽车,1.00001E+15
002603.SZ,以岭药业,医药生物,6.115E+15
002604.SZ,龙力生物,农林牧渔,6.101E+15
002605.SZ,姚记扑克,轻工制造,6.114E+15
002606.SZ,大连电瓷,电气设备,6.10701E+15
002607.SZ,亚夏汽车,汽车,1.00001E+15
002608.SZ,舜天船舶,国防军工,1.00001E+15
002609.SZ,捷顺科技,计算机,1.00001E+15
002610.SZ,爱康科技,电气设备,6.10701E+15
002611.SZ,东方精工,机械设备,6.107E+15
002612.SZ,朗姿股份,纺织服装,6.113E+15
002613.SZ,北玻股份,机械设备,6.107E+15
002614.SZ,蒙发利,家用电器,6.111E+15
002615.SZ,哈尔斯,轻工制造,6.114E+15
002616.SZ,长青集团,家用电器,6.111E+15
002617.SZ,露笑科技,电气设备,6.10701E+15
002618.SZ,丹邦科技,电子,6.108E+15
002619.SZ,巨龙管业,建筑材料,6.10601E+15
002620.SZ,瑞和股份,建筑装饰,6.10602E+15
002621.SZ,大连三垒,机械设备,6.107E+15
002622.SZ,永大集团,电气设备,6.10701E+15
002623.SZ,亚玛顿,建筑材料,6.10601E+15
002624.SZ,金磊股份,建筑材料,6.10601E+15
002625.SZ,龙生股份,汽车,1.00001E+15
002626.SZ,金达威,医药生物,6.115E+15
002627.SZ,宜昌交运,交通运输,6.117E+15
002628.SZ,成都路桥,建筑装饰,6.10602E+15
002629.SZ,仁智油服,采掘,6.102E+15
002630.SZ,华西能源,电气设备,6.10701E+15
002631.SZ,德尔家居,轻工制造,6.114E+15
002632.SZ,道明光学,化工,6.103E+15
002633.SZ,申科股份,机械设备,6.107E+15
002634.SZ,棒杰股份,纺织服装,6.113E+15
002635.SZ,安洁科技,电子,6.108E+15
002636.SZ,金安国纪,电子,6.108E+15
002637.SZ,赞宇科技,化工,6.103E+15
002638.SZ,勤上光电,电子,6.108E+15
002639.SZ,雪人股份,机械设备,6.107E+15
002640.SZ,百圆裤业,纺织服装,6.113E+15
002641.SZ,永高股份,建筑材料,6.10601E+15
002642.SZ,荣之联,计算机,1.00001E+15
002643.SZ,烟台万润,化工,6.103E+15
002644.SZ,佛慈制药,医药生物,6.115E+15
002645.SZ,华宏科技,机械设备,6.107E+15
002646.SZ,青青稞酒,食品饮料,6.112E+15
002647.SZ,宏磊股份,机械设备,6.107E+15
002648.SZ,卫星石化,化工,6.103E+15
002649.SZ,博彦科技,计算机,1.00001E+15
002650.SZ,加加食品,食品饮料,6.112E+15
002651.SZ,利君股份,机械设备,6.107E+15
002652.SZ,扬子新材,建筑材料,6.10601E+15
002653.SZ,海思科,医药生物,6.115E+15
002654.SZ,万润科技,电子,6.108E+15
002655.SZ,共达电声,电子,6.108E+15
002656.SZ,卡奴迪路,纺织服装,6.113E+15
002657.SZ,中科金财,计算机,1.00001E+15
002658.SZ,雪迪龙,机械设备,6.107E+15
002659.SZ,中泰桥梁,建筑装饰,6.10602E+15
002660.SZ,茂硕电源,电子,6.108E+15
002661.SZ,克明面业,食品饮料,6.112E+15
002662.SZ,京威股份,汽车,1.00001E+15
002663.SZ,普邦园林,建筑装饰,6.10602E+15
002664.SZ,信质电机,汽车,1.00001E+15
002665.SZ,首航节能,电气设备,6.10701E+15
002666.SZ,德联集团,化工,6.103E+15
002667.SZ,鞍重股份,机械设备,6.107E+15
002668.SZ,奥马电器,家用电器,6.111E+15
002669.SZ,康达新材,化工,6.103E+15
002670.SZ,华声股份,家用电器,6.111E+15
002671.SZ,龙泉股份,建筑材料,6.10601E+15
002672.SZ,东江环保,公用事业,6.116E+15
002673.SZ,西部证券,非银金融,1.00001E+15
002674.SZ,兴业科技,纺织服装,6.113E+15
002675.SZ,东诚药业,医药生物,6.115E+15
002676.SZ,顺威股份,家用电器,6.111E+15
002677.SZ,浙江美大,家用电器,6.111E+15
002678.SZ,珠江钢琴,轻工制造,6.114E+15
002679.SZ,福建金森,农林牧渔,6.101E+15
002680.SZ,黄海机械,机械设备,6.107E+15
002681.SZ,奋达科技,家用电器,6.111E+15
002682.SZ,龙洲股份,交通运输,6.117E+15
002683.SZ,宏大爆破,化工,6.103E+15
002684.SZ,猛狮科技,汽车,1.00001E+15
002685.SZ,华东重机,机械设备,6.107E+15
002686.SZ,亿利达,机械设备,6.107E+15
002687.SZ,乔治白,纺织服装,6.113E+15
002688.SZ,金河生物,农林牧渔,6.101E+15
002689.SZ,博林特,机械设备,6.107E+15
002690.SZ,美亚光电,机械设备,6.107E+15
002691.SZ,石中装备,机械设备,6.107E+15
002692.SZ,远程电缆,电气设备,6.10701E+15
002693.SZ,双成药业,医药生物,6.115E+15
002694.SZ,顾地科技,建筑材料,6.10601E+15
002695.SZ,煌上煌,食品饮料,6.112E+15
002696.SZ,百洋股份,农林牧渔,6.101E+15
002697.SZ,红旗连锁,商业贸易,6.12E+15
002698.SZ,博实股份,机械设备,6.107E+15
002699.SZ,美盛文化,纺织服装,6.113E+15
002700.SZ,新疆浩源,公用事业,6.116E+15
002701.SZ,奥瑞金,轻工制造,6.114E+15
002702.SZ,海欣食品,食品饮料,6.112E+15
002703.SZ,浙江世宝,汽车,1.00001E+15
002705.SZ,新宝股份,家用电器,6.111E+15
002706.SZ,良信电器,电气设备,6.10701E+15
002707.SZ,众信旅游,休闲服务,6.121E+15
002708.SZ,光洋股份,汽车,1.00001E+15
002709.SZ,天赐材料,化工,6.103E+15
002711.SZ,欧浦钢网,交通运输,6.117E+15
002712.SZ,思美传媒,传媒,6.12201E+15
002713.SZ,东易日盛,建筑装饰,6.10602E+15
002714.SZ,牧原股份,农林牧渔,6.101E+15
002715.SZ,登云股份,汽车,1.00001E+15
002716.SZ,金贵银业,有色金属,6.105E+15
002717.SZ,岭南园林,建筑装饰,6.10602E+15
002718.SZ,友邦吊顶,建筑材料,6.10601E+15
002719.SZ,麦趣尔,食品饮料,6.112E+15
002721.SZ,金一文化,轻工制造,6.114E+15
002722.SZ,金轮股份,机械设备,6.107E+15
002723.SZ,金莱特,家用电器,6.111E+15
002724.SZ,海洋王,电子,6.108E+15
002725.SZ,跃岭股份,汽车,1.00001E+15
002726.SZ,龙大肉食,食品饮料,6.112E+15
002727.SZ,一心堂,医药生物,6.115E+15
002728.SZ,台城制药,医药生物,6.115E+15
002729.SZ,好利来,电子,6.108E+15
002730.SZ,电光科技,机械设备,6.107E+15
002731.SZ,萃华珠宝,轻工制造,6.114E+15
002732.SZ,燕塘乳业,食品饮料,6.112E+15
002733.SZ,雄韬股份,电气设备,6.10701E+15
002735.SZ,王子新材,轻工制造,6.114E+15
300001.SZ,特锐德,电气设备,6.10701E+15
300002.SZ,神州泰岳,计算机,1.00001E+15
300003.SZ,乐普医疗,医药生物,6.115E+15
300004.SZ,南风股份,机械设备,6.107E+15
300005.SZ,探路者,纺织服装,6.113E+15
300006.SZ,莱美药业,医药生物,6.115E+15
300007.SZ,汉威电子,机械设备,6.107E+15
300008.SZ,上海佳豪,国防军工,1.00001E+15
300009.SZ,安科生物,医药生物,6.115E+15
300010.SZ,立思辰,计算机,1.00001E+15
300011.SZ,鼎汉技术,电气设备,6.10701E+15
300012.SZ,华测检测,综合,6.123E+15
300013.SZ,新宁物流,交通运输,6.117E+15
300014.SZ,亿纬锂能,电子,6.108E+15
300015.SZ,爱尔眼科,医药生物,6.115E+15
300016.SZ,北陆药业,医药生物,6.115E+15
300017.SZ,网宿科技,通信,1.00001E+15
300018.SZ,中元华电,电气设备,6.10701E+15
300019.SZ,硅宝科技,化工,6.103E+15
300020.SZ,银江股份,计算机,1.00001E+15
300021.SZ,大禹节水,农林牧渔,6.101E+15
300022.SZ,吉峰农机,商业贸易,6.12E+15
300023.SZ,宝德股份,机械设备,6.107E+15
300024.SZ,机器人,机械设备,6.107E+15
300025.SZ,华星创业,通信,1.00001E+15
300026.SZ,红日药业,医药生物,6.115E+15
300027.SZ,华谊兄弟,传媒,6.12201E+15
300028.SZ,金亚科技,通信,1.00001E+15
300029.SZ,天龙光电,电气设备,6.10701E+15
300030.SZ,阳普医疗,医药生物,6.115E+15
300031.SZ,宝通带业,化工,6.103E+15
300032.SZ,金龙机电,电子,6.108E+15
300033.SZ,同花顺,计算机,1.00001E+15
300034.SZ,钢研高纳,机械设备,6.107E+15
300035.SZ,中科电气,机械设备,6.107E+15
300036.SZ,超图软件,计算机,1.00001E+15
300037.SZ,新宙邦,化工,6.103E+15
300038.SZ,梅泰诺,通信,1.00001E+15
300039.SZ,上海凯宝,医药生物,6.115E+15
300040.SZ,九洲电气,电气设备,6.10701E+15
300041.SZ,回天新材,化工,6.103E+15
300042.SZ,朗科科技,计算机,1.00001E+15
300043.SZ,互动娱乐,传媒,6.12201E+15
300044.SZ,赛为智能,计算机,1.00001E+15
300045.SZ,华力创通,计算机,1.00001E+15
300046.SZ,台基股份,电子,6.108E+15
300047.SZ,天源迪科,计算机,1.00001E+15
300048.SZ,合康变频,电气设备,6.10701E+15
300049.SZ,福瑞股份,医药生物,6.115E+15
300050.SZ,世纪鼎利,通信,1.00001E+15
300051.SZ,三五互联,计算机,1.00001E+15
300052.SZ,中青宝,传媒,6.12201E+15
300053.SZ,欧比特,电子,6.108E+15
300054.SZ,鼎龙股份,化工,6.103E+15
300055.SZ,万邦达,公用事业,6.116E+15
300056.SZ,三维丝,公用事业,6.116E+15
300057.SZ,万顺股份,轻工制造,6.114E+15
300058.SZ,蓝色光标,传媒,6.12201E+15
300059.SZ,东方财富,传媒,6.12201E+15
300061.SZ,康耐特,轻工制造,6.114E+15
300062.SZ,中能电气,电气设备,6.10701E+15
300063.SZ,天龙集团,化工,6.103E+15
300064.SZ,豫金刚石,机械设备,6.107E+15
300065.SZ,海兰信,计算机,1.00001E+15
300066.SZ,三川股份,机械设备,6.107E+15
300067.SZ,安诺其,化工,6.103E+15
300068.SZ,南都电源,电气设备,6.10701E+15
300069.SZ,金利华电,电气设备,6.10701E+15
300070.SZ,碧水源,公用事业,6.116E+15
300071.SZ,华谊嘉信,传媒,6.12201E+15
300072.SZ,三聚环保,化工,6.103E+15
300073.SZ,当升科技,化工,6.103E+15
300074.SZ,华平股份,计算机,1.00001E+15
300075.SZ,数字政通,计算机,1.00001E+15
300076.SZ,GQY视讯,电子,6.108E+15
300077.SZ,国民技术,电子,6.108E+15
300078.SZ,中瑞思创,电子,6.108E+15
300079.SZ,数码视讯,计算机,1.00001E+15
300080.SZ,新大新材,机械设备,6.107E+15
300081.SZ,恒信移动,通信,1.00001E+15
300082.SZ,奥克股份,化工,6.103E+15
300083.SZ,劲胜精密,电子,6.108E+15
300084.SZ,海默科技,采掘,6.102E+15
300085.SZ,银之杰,计算机,1.00001E+15
300086.SZ,康芝药业,医药生物,6.115E+15
300087.SZ,荃银高科,农林牧渔,6.101E+15
300088.SZ,长信科技,电子,6.108E+15
300089.SZ,长城集团,轻工制造,6.114E+15
300090.SZ,盛运股份,公用事业,6.116E+15
300091.SZ,金通灵,机械设备,6.107E+15
300092.SZ,科新机电,机械设备,6.107E+15
300093.SZ,金刚玻璃,建筑材料,6.10601E+15
300094.SZ,国联水产,农林牧渔,6.101E+15
300095.SZ,华伍股份,机械设备,6.107E+15
300096.SZ,易联众,计算机,1.00001E+15
300097.SZ,智云股份,机械设备,6.107E+15
300098.SZ,高新兴,通信,1.00001E+15
300099.SZ,尤洛卡,机械设备,6.107E+15
300100.SZ,双林股份,汽车,1.00001E+15
300101.SZ,振芯科技,国防军工,1.00001E+15
300102.SZ,乾照光电,电子,6.108E+15
300103.SZ,达刚路机,机械设备,6.107E+15
300104.SZ,乐视网,传媒,6.12201E+15
300105.SZ,龙源技术,电气设备,6.10701E+15
300106.SZ,西部牧业,农林牧渔,6.101E+15
300107.SZ,建新股份,化工,6.103E+15
300108.SZ,双龙股份,化工,6.103E+15
300109.SZ,新开源,化工,6.103E+15
300110.SZ,华仁药业,医药生物,6.115E+15
300111.SZ,向日葵,电气设备,6.10701E+15
300112.SZ,万讯自控,机械设备,6.107E+15
300113.SZ,顺网科技,传媒,6.12201E+15
300114.SZ,中航电测,机械设备,6.107E+15
300115.SZ,长盈精密,电子,6.108E+15
300116.SZ,坚瑞消防,机械设备,6.107E+15
300117.SZ,嘉寓股份,建筑材料,6.10601E+15
300118.SZ,东方日升,电气设备,6.10701E+15
300119.SZ,瑞普生物,农林牧渔,6.101E+15
300120.SZ,经纬电材,电气设备,6.10701E+15
300121.SZ,阳谷华泰,化工,6.103E+15
300122.SZ,智飞生物,医药生物,6.115E+15
300123.SZ,太阳鸟,国防军工,1.00001E+15
300124.SZ,汇川技术,电气设备,6.10701E+15
300125.SZ,易世达,公用事业,6.116E+15
300126.SZ,锐奇股份,机械设备,6.107E+15
300127.SZ,银河磁体,有色金属,6.105E+15
300128.SZ,锦富新材,电子,6.108E+15
300129.SZ,泰胜风能,电气设备,6.10701E+15
300130.SZ,新国都,计算机,1.00001E+15
300131.SZ,英唐智控,电子,6.108E+15
300132.SZ,青松股份,化工,6.103E+15
300133.SZ,华策影视,传媒,6.12201E+15
300134.SZ,大富科技,通信,1.00001E+15
300135.SZ,宝利沥青,化工,6.103E+15
300136.SZ,信维通信,电子,6.108E+15
300137.SZ,先河环保,机械设备,6.107E+15
300138.SZ,晨光生物,农林牧渔,6.101E+15
300139.SZ,福星晓程,电子,6.108E+15
300140.SZ,启源装备,电气设备,6.10701E+15
300141.SZ,和顺电气,电气设备,6.10701E+15
300142.SZ,沃森生物,医药生物,6.115E+15
300143.SZ,星河生物,农林牧渔,6.101E+15
300144.SZ,宋城演艺,休闲服务,6.121E+15
300145.SZ,南方泵业,机械设备,6.107E+15
300146.SZ,汤臣倍健,食品饮料,6.112E+15
300147.SZ,香雪制药,医药生物,6.115E+15
300148.SZ,天舟文化,传媒,6.12201E+15
300149.SZ,量子高科,农林牧渔,6.101E+15
300150.SZ,世纪瑞尔,计算机,1.00001E+15
300151.SZ,昌红科技,机械设备,6.107E+15
300152.SZ,燃控科技,电气设备,6.10701E+15
300153.SZ,科泰电源,电气设备,6.10701E+15
300154.SZ,瑞凌股份,机械设备,6.107E+15
300155.SZ,安居宝,计算机,1.00001E+15
300156.SZ,神雾环保,公用事业,6.116E+15
300157.SZ,恒泰艾普,采掘,6.102E+15
300158.SZ,振东制药,医药生物,6.115E+15
300159.SZ,新研股份,机械设备,6.107E+15
300160.SZ,秀强股份,家用电器,6.111E+15
300161.SZ,华中数控,机械设备,6.107E+15
300162.SZ,雷曼光电,电子,6.108E+15
300163.SZ,先锋新材,化工,6.103E+15
300164.SZ,通源石油,采掘,6.102E+15
300165.SZ,天瑞仪器,机械设备,6.107E+15
300166.SZ,东方国信,计算机,1.00001E+15
300167.SZ,迪威视讯,计算机,1.00001E+15
300168.SZ,万达信息,计算机,1.00001E+15
300169.SZ,天晟新材,化工,6.103E+15
300170.SZ,汉得信息,计算机,1.00001E+15
300171.SZ,东富龙,医药生物,6.115E+15
300172.SZ,中电环保,公用事业,6.116E+15
300173.SZ,松德股份,机械设备,6.107E+15
300174.SZ,元力股份,化工,6.103E+15
300175.SZ,朗源股份,农林牧渔,6.101E+15
300176.SZ,鸿特精密,汽车,1.00001E+15
300177.SZ,中海达,计算机,1.00001E+15
300178.SZ,腾邦国际,休闲服务,6.121E+15
300179.SZ,四方达,机械设备,6.107E+15
300180.SZ,华峰超纤,化工,6.103E+15
300181.SZ,佐力药业,医药生物,6.115E+15
300182.SZ,捷成股份,计算机,1.00001E+15
300183.SZ,东软载波,电子,6.108E+15
300184.SZ,力源信息,电子,6.108E+15
300185.SZ,通裕重工,机械设备,6.107E+15
300186.SZ,大华农,农林牧渔,6.101E+15
300187.SZ,永清环保,公用事业,6.116E+15
300188.SZ,美亚柏科,计算机,1.00001E+15
300189.SZ,神农大丰,农林牧渔,6.101E+15
300190.SZ,维尔利,公用事业,6.116E+15
300191.SZ,潜能恒信,采掘,6.102E+15
300192.SZ,科斯伍德,化工,6.103E+15
300193.SZ,佳士科技,机械设备,6.107E+15
300194.SZ,福安药业,医药生物,6.115E+15
300195.SZ,长荣股份,机械设备,6.107E+15
300196.SZ,长海股份,化工,6.103E+15
300197.SZ,铁汉生态,建筑装饰,6.10602E+15
300198.SZ,纳川股份,建筑材料,6.10601E+15
300199.SZ,翰宇药业,医药生物,6.115E+15
300200.SZ,高盟新材,化工,6.103E+15
300201.SZ,海伦哲,机械设备,6.107E+15
300202.SZ,聚龙股份,计算机,1.00001E+15
300203.SZ,聚光科技,机械设备,6.107E+15
300204.SZ,舒泰神,医药生物,6.115E+15
300205.SZ,天喻信息,通信,1.00001E+15
300206.SZ,理邦仪器,医药生物,6.115E+15
300207.SZ,欣旺达,电子,6.108E+15
300208.SZ,恒顺电气,电气设备,6.10701E+15
300209.SZ,天泽信息,计算机,1.00001E+15
300210.SZ,森远股份,机械设备,6.107E+15
300211.SZ,亿通科技,通信,1.00001E+15
300212.SZ,易华录,计算机,1.00001E+15
300213.SZ,佳讯飞鸿,通信,1.00001E+15
300214.SZ,日科化学,化工,6.103E+15
300215.SZ,电科院,电气设备,6.10701E+15
300216.SZ,千山药机,医药生物,6.115E+15
300217.SZ,东方电热,家用电器,6.111E+15
300218.SZ,安利股份,化工,6.103E+15
300219.SZ,鸿利光电,电子,6.108E+15
300220.SZ,金运激光,电子,6.108E+15
300221.SZ,银禧科技,化工,6.103E+15
300222.SZ,科大智能,电气设备,6.10701E+15
300223.SZ,北京君正,电子,6.108E+15
300224.SZ,正海磁材,有色金属,6.105E+15
300225.SZ,金力泰,化工,6.103E+15
300226.SZ,上海钢联,传媒,6.12201E+15
300227.SZ,光韵达,电子,6.108E+15
300228.SZ,富瑞特装,机械设备,6.107E+15
300229.SZ,拓尔思,计算机,1.00001E+15
300230.SZ,永利带业,化工,6.103E+15
300231.SZ,银信科技,计算机,1.00001E+15
300232.SZ,洲明科技,电子,6.108E+15
300233.SZ,金城医药,医药生物,6.115E+15
300234.SZ,开尔新材,建筑材料,6.10601E+15
300235.SZ,方直科技,计算机,1.00001E+15
300236.SZ,上海新阳,化工,6.103E+15
300237.SZ,美晨科技,汽车,1.00001E+15
300238.SZ,冠昊生物,医药生物,6.115E+15
300239.SZ,东宝生物,医药生物,6.115E+15
300240.SZ,飞力达,交通运输,6.117E+15
300241.SZ,瑞丰光电,电子,6.108E+15
300242.SZ,明家科技,电气设备,6.10701E+15
300243.SZ,瑞丰高材,化工,6.103E+15
300244.SZ,迪安诊断,医药生物,6.115E+15
300245.SZ,天玑科技,计算机,1.00001E+15
300246.SZ,宝莱特,医药生物,6.115E+15
300247.SZ,桑乐金,家用电器,6.111E+15
300248.SZ,新开普,计算机,1.00001E+15
300249.SZ,依米康,家用电器,6.111E+15
300250.SZ,初灵信息,通信,1.00001E+15
300251.SZ,光线传媒,传媒,6.12201E+15
300252.SZ,金信诺,通信,1.00001E+15
300253.SZ,卫宁软件,计算机,1.00001E+15
300254.SZ,仟源医药,医药生物,6.115E+15
300255.SZ,常山药业,医药生物,6.115E+15
300256.SZ,星星科技,电子,6.108E+15
300257.SZ,开山股份,机械设备,6.107E+15
300258.SZ,精锻科技,汽车,1.00001E+15
300259.SZ,新天科技,机械设备,6.107E+15
300260.SZ,新莱应材,机械设备,6.107E+15
300261.SZ,雅本化学,医药生物,6.115E+15
300262.SZ,巴安水务,公用事业,6.116E+15
300263.SZ,隆华节能,机械设备,6.107E+15
300264.SZ,佳创视讯,计算机,1.00001E+15
300265.SZ,通光线缆,电气设备,6.10701E+15
300266.SZ,兴源过滤,机械设备,6.107E+15
300267.SZ,尔康制药,医药生物,6.115E+15
300268.SZ,万福生科,农林牧渔,6.101E+15
300269.SZ,联建光电,电子,6.108E+15
300270.SZ,中威电子,计算机,1.00001E+15
300271.SZ,华宇软件,计算机,1.00001E+15
300272.SZ,开能环保,家用电器,6.111E+15
300273.SZ,和佳股份,医药生物,6.115E+15
300274.SZ,阳光电源,电气设备,6.10701E+15
300275.SZ,梅安森,机械设备,6.107E+15
300276.SZ,三丰智能,机械设备,6.107E+15
300277.SZ,海联讯,计算机,1.00001E+15
300278.SZ,华昌达,机械设备,6.107E+15
300279.SZ,和晶科技,电子,6.108E+15
300280.SZ,南通锻压,机械设备,6.107E+15
300281.SZ,金明精机,机械设备,6.107E+15
300282.SZ,汇冠股份,电子,6.108E+15
300283.SZ,温州宏丰,电气设备,6.10701E+15
300284.SZ,苏交科,建筑装饰,6.10602E+15
300285.SZ,国瓷材料,化工,6.103E+15
300286.SZ,安科瑞,电气设备,6.10701E+15
300287.SZ,飞利信,计算机,1.00001E+15
300288.SZ,朗玛信息,传媒,6.12201E+15
300289.SZ,利德曼,医药生物,6.115E+15
300290.SZ,荣科科技,计算机,1.00001E+15
300291.SZ,华录百纳,传媒,6.12201E+15
300292.SZ,吴通通讯,通信,1.00001E+15
300293.SZ,蓝英装备,机械设备,6.107E+15
300294.SZ,博雅生物,医药生物,6.115E+15
300295.SZ,三六五网,传媒,6.12201E+15
300296.SZ,利亚德,电子,6.108E+15
300297.SZ,蓝盾股份,计算机,1.00001E+15
300298.SZ,三诺生物,医药生物,6.115E+15
300299.SZ,富春通信,通信,1.00001E+15
300300.SZ,汉鼎股份,计算机,1.00001E+15
300301.SZ,长方照明,电子,6.108E+15
300302.SZ,同有科技,计算机,1.00001E+15
300303.SZ,聚飞光电,电子,6.108E+15
300304.SZ,云意电气,汽车,1.00001E+15
300305.SZ,裕兴股份,化工,6.103E+15
300306.SZ,远方光电,机械设备,6.107E+15
300307.SZ,慈星股份,机械设备,6.107E+15
300308.SZ,中际装备,电气设备,6.10701E+15
300309.SZ,吉艾科技,机械设备,6.107E+15
300310.SZ,宜通世纪,通信,1.00001E+15
300311.SZ,任子行,计算机,1.00001E+15
300312.SZ,邦讯技术,通信,1.00001E+15
300313.SZ,天山生物,农林牧渔,6.101E+15
300314.SZ,戴维医疗,医药生物,6.115E+15
300315.SZ,掌趣科技,传媒,6.12201E+15
300316.SZ,晶盛机电,电气设备,6.10701E+15
300317.SZ,珈伟股份,电子,6.108E+15
300318.SZ,博晖创新,医药生物,6.115E+15
300319.SZ,麦捷科技,电子,6.108E+15
300320.SZ,海达股份,化工,6.103E+15
300321.SZ,同大股份,化工,6.103E+15
300322.SZ,硕贝德,电子,6.108E+15
300323.SZ,华灿光电,电子,6.108E+15
300324.SZ,旋极信息,计算机,1.00001E+15
300325.SZ,德威新材,化工,6.103E+15
300326.SZ,凯利泰,医药生物,6.115E+15
300327.SZ,中颖电子,电子,6.108E+15
300328.SZ,宜安科技,电子,6.108E+15
300329.SZ,海伦钢琴,轻工制造,6.114E+15
300330.SZ,华虹计通,计算机,1.00001E+15
300331.SZ,苏大维格,电子,6.108E+15
300332.SZ,天壕节能,公用事业,6.116E+15
300333.SZ,兆日科技,计算机,1.00001E+15
300334.SZ,津膜科技,公用事业,6.116E+15
300335.SZ,迪森股份,公用事业,6.116E+15
300336.SZ,新文化,传媒,6.12201E+15
300337.SZ,银邦股份,有色金属,6.105E+15
300338.SZ,开元仪器,机械设备,6.107E+15
300339.SZ,润和软件,计算机,1.00001E+15
300340.SZ,科恒股份,电子,6.108E+15
300341.SZ,麦迪电气,电气设备,6.10701E+15
300342.SZ,天银机电,家用电器,6.111E+15
300343.SZ,联创节能,化工,6.103E+15
300344.SZ,太空板业,建筑材料,6.10601E+15
300345.SZ,红宇新材,机械设备,6.107E+15
300346.SZ,南大光电,电子,6.108E+15
300347.SZ,泰格医药,医药生物,6.115E+15
300348.SZ,长亮科技,计算机,1.00001E+15
300349.SZ,金卡股份,机械设备,6.107E+15
300350.SZ,华鹏飞,交通运输,6.117E+15
300351.SZ,永贵电器,机械设备,6.107E+15
300352.SZ,北信源,计算机,1.00001E+15
300353.SZ,东土科技,通信,1.00001E+15
300354.SZ,东华测试,机械设备,6.107E+15
300355.SZ,蒙草抗旱,建筑装饰,6.10602E+15
300356.SZ,光一科技,电气设备,6.10701E+15
300357.SZ,我武生物,医药生物,6.115E+15
300358.SZ,楚天科技,医药生物,6.115E+15
300359.SZ,全通教育,传媒,6.12201E+15
300360.SZ,炬华科技,电气设备,6.10701E+15
300362.SZ,天保重装,电气设备,6.10701E+15
300363.SZ,博腾股份,医药生物,6.115E+15
300365.SZ,恒华科技,计算机,1.00001E+15
300366.SZ,创意信息,计算机,1.00001E+15
300367.SZ,东方网力,计算机,1.00001E+15
300368.SZ,汇金股份,计算机,1.00001E+15
300369.SZ,绿盟科技,计算机,1.00001E+15
300370.SZ,安控科技,采掘,6.102E+15
300371.SZ,汇中股份,机械设备,6.107E+15
300372.SZ,欣泰电气,电气设备,6.10701E+15
300373.SZ,扬杰科技,电子,6.108E+15
300375.SZ,鹏翎股份,汽车,1.00001E+15
300376.SZ,易事特,电气设备,6.10701E+15
300377.SZ,赢时胜,计算机,1.00001E+15
300378.SZ,鼎捷软件,计算机,1.00001E+15
300379.SZ,东方通,计算机,1.00001E+15
300380.SZ,安硕信息,计算机,1.00001E+15
300381.SZ,溢多利,医药生物,6.115E+15
300382.SZ,斯莱克,机械设备,6.107E+15
300383.SZ,光环新网,传媒,6.12201E+15
300384.SZ,三联虹普,计算机,1.00001E+15
300385.SZ,雪浪环境,机械设备,6.107E+15
300386.SZ,飞天诚信,计算机,1.00001E+15
300387.SZ,富邦股份,化工,6.103E+15
300388.SZ,国祯环保,公用事业,6.116E+15
300389.SZ,艾比森,电子,6.108E+15
300390.SZ,天华超净,电子,6.108E+15
300391.SZ,康跃科技,机械设备,6.107E+15
300392.SZ,腾信股份,传媒,6.12201E+15
300393.SZ,中来股份,电气设备,6.10701E+15
300395.SZ,菲利华,有色金属,6.105E+15
300396.SZ,迪瑞医疗,医药生物,6.115E+15
300397.SZ,天和防务,机械设备,6.107E+15
300398.SZ,飞凯材料,化工,6.103E+15
300399.SZ,京天利,计算机,1.00001E+15
300400.SZ,劲拓股份,机械设备,6.107E+15
300401.SZ,花园生物,医药生物,6.115E+15
300402.SZ,宝色股份,机械设备,6.107E+15
300403.SZ,地尔汉宇,家用电器,6.111E+15
300405.SZ,科隆精化,化工,6.103E+15
300406.SZ,九强生物,医药生物,6.115E+15
300407.SZ,凯发电气,电气设备,6.10701E+15
300408.SZ,三环集团,电子,6.108E+15
300409.SZ,道氏技术,化工,6.103E+15
600000.SH,浦发银行,银行,1.00001E+15
600004.SH,白云机场,交通运输,6.117E+15
600005.SH,武钢股份,钢铁,6.104E+15
600006.SH,东风汽车,汽车,1.00001E+15
600007.SH,中国国贸,房地产,6.118E+15
600008.SH,首创股份,公用事业,6.116E+15
600009.SH,上海机场,交通运输,6.117E+15
600010.SH,包钢股份,钢铁,6.104E+15
600011.SH,华能国际,公用事业,6.116E+15
600012.SH,皖通高速,交通运输,6.117E+15
600015.SH,华夏银行,银行,1.00001E+15
600016.SH,民生银行,银行,1.00001E+15
600017.SH,日照港,交通运输,6.117E+15
600018.SH,上港集团,交通运输,6.117E+15
600019.SH,宝钢股份,钢铁,6.104E+15
600020.SH,中原高速,交通运输,6.117E+15
600021.SH,上海电力,公用事业,6.116E+15
600022.SH,山东钢铁,钢铁,6.104E+15
600023.SH,浙能电力,公用事业,6.116E+15
600026.SH,中海发展,交通运输,6.117E+15
600027.SH,华电国际,公用事业,6.116E+15
600028.SH,中国石化,化工,6.103E+15
600029.SH,南方航空,交通运输,6.117E+15
600030.SH,中信证券,非银金融,1.00001E+15
600031.SH,三一重工,机械设备,6.107E+15
600033.SH,福建高速,交通运输,6.117E+15
600035.SH,楚天高速,交通运输,6.117E+15
600036.SH,招商银行,银行,1.00001E+15
600037.SH,歌华有线,传媒,6.12201E+15
600038.SH,哈飞股份,国防军工,1.00001E+15
600039.SH,四川路桥,建筑装饰,6.10602E+15
600048.SH,保利地产,房地产,6.118E+15
600050.SH,中国联通,通信,1.00001E+15
600051.SH,宁波联合,综合,6.123E+15
600052.SH,浙江广厦,房地产,6.118E+15
600053.SH,中江地产,综合,6.123E+15
600054.SH,黄山旅游,休闲服务,6.121E+15
600055.SH,华润万东,医药生物,6.115E+15
600056.SH,中国医药,医药生物,6.115E+15
600057.SH,象屿股份,交通运输,6.117E+15
600058.SH,五矿发展,商业贸易,6.12E+15
600059.SH,古越龙山,食品饮料,6.112E+15
600060.SH,海信电器,家用电器,6.111E+15
600061.SH,中纺投资,化工,6.103E+15
600062.SH,华润双鹤,医药生物,6.115E+15
600063.SH,皖维高新,化工,6.103E+15
600064.SH,南京高科,房地产,6.118E+15
600066.SH,宇通客车,汽车,1.00001E+15
600067.SH,冠城大通,房地产,6.118E+15
600068.SH,葛洲坝,建筑装饰,6.10602E+15
600069.SH,银鸽投资,轻工制造,6.114E+15
600070.SH,浙江富润,纺织服装,6.113E+15
600071.SH,凤凰光学,电子,6.108E+15
600072.SH,*ST钢构,国防军工,1.00001E+15
600073.SH,上海梅林,食品饮料,6.112E+15
600074.SH,中达股份,化工,6.103E+15
600075.SH,*ST新业,化工,6.103E+15
600076.SH,青鸟华光,通信,1.00001E+15
600077.SH,宋都股份,交通运输,6.117E+15
600078.SH,澄星股份,化工,6.103E+15
600079.SH,人福医药,医药生物,6.115E+15
600080.SH,金花股份,医药生物,6.115E+15
600081.SH,东风科技,汽车,1.00001E+15
600082.SH,海泰发展,商业贸易,6.12E+15
600083.SH,博信股份,综合,6.123E+15
600084.SH,中葡股份,食品饮料,6.112E+15
600085.SH,同仁堂,医药生物,6.115E+15
600086.SH,东方金钰,轻工制造,6.114E+15
600088.SH,中视传媒,传媒,6.12201E+15
600089.SH,特变电工,电气设备,6.10701E+15
600090.SH,啤酒花,食品饮料,6.112E+15
600091.SH,ST明科,化工,6.103E+15
600093.SH,禾嘉股份,汽车,1.00001E+15
600094.SH,大名城,房地产,6.118E+15
600095.SH,哈高科,房地产,6.118E+15
600096.SH,云天化,化工,6.103E+15
600097.SH,开创国际,农林牧渔,6.101E+15
600098.SH,广州发展,公用事业,6.116E+15
600099.SH,林海股份,汽车,1.00001E+15
600100.SH,同方股份,计算机,1.00001E+15
600101.SH,明星电力,公用事业,6.116E+15
600103.SH,青山纸业,轻工制造,6.114E+15
600104.SH,上汽集团,汽车,1.00001E+15
600105.SH,永鼎股份,通信,1.00001E+15
600106.SH,重庆路桥,交通运输,6.117E+15
600107.SH,美尔雅,纺织服装,6.113E+15
600108.SH,亚盛集团,农林牧渔,6.101E+15
600109.SH,国金证券,非银金融,1.00001E+15
600110.SH,中科英华,电气设备,6.10701E+15
600111.SH,包钢稀土,有色金属,6.105E+15
600112.SH,天成控股,电气设备,6.10701E+15
600113.SH,浙江东日,房地产,6.118E+15
600114.SH,东睦股份,有色金属,6.105E+15
600115.SH,东方航空,交通运输,6.117E+15
600116.SH,三峡水利,公用事业,6.116E+15
600117.SH,西宁特钢,钢铁,6.104E+15
600118.SH,中国卫星,国防军工,1.00001E+15
600119.SH,长江投资,交通运输,6.117E+15
600120.SH,浙江东方,商业贸易,6.12E+15
600121.SH,郑州煤电,采掘,6.102E+15
600122.SH,宏图高科,商业贸易,6.12E+15
600123.SH,兰花科创,采掘,6.102E+15
600125.SH,铁龙物流,交通运输,6.117E+15
600126.SH,杭钢股份,钢铁,6.104E+15
600127.SH,金健米业,农林牧渔,6.101E+15
600128.SH,弘业股份,商业贸易,6.12E+15
600129.SH,太极集团,医药生物,6.115E+15
600130.SH,波导股份,通信,1.00001E+15
600131.SH,岷江水电,公用事业,6.116E+15
600132.SH,重庆啤酒,食品饮料,6.112E+15
600133.SH,东湖高新,综合,6.123E+15
600135.SH,乐凯胶片,轻工制造,6.114E+15
600136.SH,道博股份,综合,6.123E+15
600137.SH,浪莎股份,纺织服装,6.113E+15
600138.SH,中青旅,休闲服务,6.121E+15
600139.SH,西部资源,有色金属,6.105E+15
600141.SH,兴发集团,化工,6.103E+15
600143.SH,金发科技,化工,6.103E+15
600145.SH,*ST国创,建筑材料,6.10601E+15
600146.SH,大元股份,有色金属,6.105E+15
600148.SH,长春一东,汽车,1.00001E+15
600149.SH,廊坊发展,房地产,6.118E+15
600150.SH,中国船舶,国防军工,1.00001E+15
600151.SH,航天机电,电气设备,6.10701E+15
600152.SH,维科精华,纺织服装,6.113E+15
600153.SH,建发股份,交通运输,6.117E+15
600155.SH,宝硕股份,化工,6.103E+15
600156.SH,华升股份,纺织服装,6.113E+15
600157.SH,永泰能源,采掘,6.102E+15
600158.SH,中体产业,房地产,6.118E+15
600159.SH,大龙地产,房地产,6.118E+15
600160.SH,巨化股份,化工,6.103E+15
600161.SH,天坛生物,医药生物,6.115E+15
600162.SH,香江控股,房地产,6.118E+15
600163.SH,福建南纸,轻工制造,6.114E+15
600165.SH,新日恒力,机械设备,6.107E+15
600166.SH,福田汽车,汽车,1.00001E+15
600167.SH,联美控股,公用事业,6.116E+15
600168.SH,武汉控股,公用事业,6.116E+15
600169.SH,太原重工,机械设备,6.107E+15
600170.SH,上海建工,建筑装饰,6.10602E+15
600171.SH,上海贝岭,电子,6.108E+15
600172.SH,黄河旋风,机械设备,6.107E+15
600173.SH,卧龙地产,房地产,6.118E+15
600175.SH,美都能源,房地产,6.118E+15
600176.SH,中国玻纤,化工,6.103E+15
600177.SH,雅戈尔,纺织服装,6.113E+15
600178.SH,*ST东安,汽车,1.00001E+15
600179.SH,黑化股份,采掘,6.102E+15
600180.SH,瑞茂通,交通运输,6.117E+15
600182.SH,S佳通,化工,6.103E+15
600183.SH,生益科技,电子,6.108E+15
600184.SH,光电股份,国防军工,1.00001E+15
600185.SH,格力地产,房地产,6.118E+15
600186.SH,莲花味精,食品饮料,6.112E+15
600187.SH,国中水务,公用事业,6.116E+15
600188.SH,兖州煤业,采掘,6.102E+15
600189.SH,吉林森工,农林牧渔,6.101E+15
600190.SH,锦州港,交通运输,6.117E+15
600191.SH,华资实业,农林牧渔,6.101E+15
600192.SH,长城电工,电气设备,6.10701E+15
600193.SH,创兴资源,采掘,6.102E+15
600195.SH,中牧股份,农林牧渔,6.101E+15
600196.SH,复星医药,医药生物,6.115E+15
600197.SH,伊力特,食品饮料,6.112E+15
600198.SH,大唐电信,通信,1.00001E+15
600199.SH,金种子酒,食品饮料,6.112E+15
600200.SH,江苏吴中,综合,6.123E+15
600201.SH,金宇集团,农林牧渔,6.101E+15
600202.SH,哈空调,电气设备,6.10701E+15
600203.SH,福日电子,电子,6.108E+15
600206.SH,有研新材,电子,6.108E+15
600207.SH,安彩高科,综合,6.123E+15
600208.SH,新湖中宝,房地产,6.118E+15
600209.SH,罗顿发展,建筑装饰,6.10602E+15
600210.SH,紫江企业,轻工制造,6.114E+15
600211.SH,西藏药业,医药生物,6.115E+15
600212.SH,江泉实业,综合,6.123E+15
600213.SH,亚星客车,汽车,1.00001E+15
600215.SH,长春经开,房地产,6.118E+15
600216.SH,浙江医药,医药生物,6.115E+15
600217.SH,秦岭水泥,建筑材料,6.10601E+15
600218.SH,全柴动力,机械设备,6.107E+15
600219.SH,南山铝业,有色金属,6.105E+15
600220.SH,江苏阳光,纺织服装,6.113E+15
600221.SH,海南航空,交通运输,6.117E+15
600222.SH,太龙药业,医药生物,6.115E+15
600223.SH,鲁商置业,房地产,6.118E+15
600225.SH,天津松江,房地产,6.118E+15
600226.SH,升华拜克,农林牧渔,6.101E+15
600227.SH,赤天化,化工,6.103E+15
600228.SH,*ST昌九,化工,6.103E+15
600229.SH,青岛碱业,化工,6.103E+15
600230.SH,沧州大化,化工,6.103E+15
600231.SH,凌钢股份,钢铁,6.104E+15
600232.SH,金鹰股份,纺织服装,6.113E+15
600233.SH,大杨创世,纺织服装,6.113E+15
600234.SH,山水文化,综合,6.123E+15
600235.SH,民丰特纸,轻工制造,6.114E+15
600236.SH,桂冠电力,公用事业,6.116E+15
600237.SH,铜峰电子,电子,6.108E+15
600238.SH,海南椰岛,食品饮料,6.112E+15
600239.SH,云南城投,房地产,6.118E+15
600240.SH,华业地产,房地产,6.118E+15
600241.SH,时代万恒,商业贸易,6.12E+15
600242.SH,中昌海运,交通运输,6.117E+15
600243.SH,青海华鼎,机械设备,6.107E+15
600246.SH,万通地产,房地产,6.118E+15
600247.SH,*ST成城,商业贸易,6.12E+15
600248.SH,延长化建,建筑装饰,6.10602E+15
600249.SH,两面针,化工,6.103E+15
600250.SH,南纺股份,商业贸易,6.12E+15
600251.SH,冠农股份,化工,6.103E+15
600252.SH,中恒集团,医药生物,6.115E+15
600255.SH,鑫科材料,有色金属,6.105E+15
600256.SH,广汇能源,化工,6.103E+15
600257.SH,大湖股份,农林牧渔,6.101E+15
600258.SH,首旅酒店,休闲服务,6.121E+15
600259.SH,广晟有色,有色金属,6.105E+15
600260.SH,凯乐科技,综合,6.123E+15
600261.SH,阳光照明,电子,6.108E+15
600262.SH,北方股份,机械设备,6.107E+15
600265.SH,ST景谷,农林牧渔,6.101E+15
600266.SH,北京城建,房地产,6.118E+15
600267.SH,海正药业,医药生物,6.115E+15
600268.SH,国电南自,电气设备,6.10701E+15
600269.SH,赣粤高速,交通运输,6.117E+15
600270.SH,外运发展,交通运输,6.117E+15
600271.SH,航天信息,计算机,1.00001E+15
600272.SH,开开实业,纺织服装,6.113E+15
600273.SH,华芳纺织,纺织服装,6.113E+15
600275.SH,武昌鱼,综合,6.123E+15
600276.SH,恒瑞医药,医药生物,6.115E+15
600277.SH,亿利能源,综合,6.123E+15
600278.SH,东方创业,商业贸易,6.12E+15
600279.SH,重庆港九,交通运输,6.117E+15
600280.SH,中央商场,商业贸易,6.12E+15
600281.SH,太化股份,化工,6.103E+15
600282.SH,*ST南钢,钢铁,6.104E+15
600283.SH,钱江水利,公用事业,6.116E+15
600284.SH,浦东建设,建筑装饰,6.10602E+15
600285.SH,羚锐制药,医药生物,6.115E+15
600287.SH,江苏舜天,商业贸易,6.12E+15
600288.SH,大恒科技,电子,6.108E+15
600289.SH,亿阳信通,通信,1.00001E+15
600290.SH,华仪电气,电气设备,6.10701E+15
600291.SH,西水股份,非银金融,1.00001E+15
600292.SH,中电远达,公用事业,6.116E+15
600293.SH,三峡新材,建筑材料,6.10601E+15
600295.SH,鄂尔多斯,采掘,6.102E+15
600297.SH,美罗药业,医药生物,6.115E+15
600298.SH,安琪酵母,农林牧渔,6.101E+15
600299.SH,*ST新材,化工,6.103E+15
600300.SH,维维股份,食品饮料,6.112E+15
600301.SH,ST南化,化工,6.103E+15
600302.SH,标准股份,机械设备,6.107E+15
600303.SH,曙光股份,汽车,1.00001E+15
600305.SH,恒顺醋业,食品饮料,6.112E+15
600306.SH,*ST商城,商业贸易,6.12E+15
600307.SH,酒钢宏兴,钢铁,6.104E+15
600308.SH,华泰股份,轻工制造,6.114E+15
600309.SH,万华化学,化工,6.103E+15
600310.SH,桂东电力,公用事业,6.116E+15
600311.SH,荣华实业,有色金属,6.105E+15
600312.SH,平高电气,电气设备,6.10701E+15
600313.SH,农发种业,农林牧渔,6.101E+15
600315.SH,上海家化,化工,6.103E+15
600316.SH,洪都航空,国防军工,1.00001E+15
600317.SH,营口港,交通运输,6.117E+15
600318.SH,巢东股份,建筑材料,6.10601E+15
600319.SH,亚星化学,化工,6.103E+15
600320.SH,振华重工,机械设备,6.107E+15
600321.SH,国栋建设,建筑材料,6.10601E+15
600322.SH,天房发展,房地产,6.118E+15
600323.SH,瀚蓝环境,公用事业,6.116E+15
600325.SH,华发股份,房地产,6.118E+15
600326.SH,西藏天路,建筑装饰,6.10602E+15
600327.SH,大东方,商业贸易,6.12E+15
600328.SH,兰太实业,化工,6.103E+15
600329.SH,中新药业,医药生物,6.115E+15
600330.SH,天通股份,有色金属,6.105E+15
600331.SH,宏达股份,有色金属,6.105E+15
600332.SH,白云山,医药生物,6.115E+15
600333.SH,长春燃气,公用事业,6.116E+15
600335.SH,国机汽车,汽车,1.00001E+15
600336.SH,澳柯玛,家用电器,6.111E+15
600337.SH,美克家居,轻工制造,6.114E+15
600338.SH,西藏珠峰,有色金属,6.105E+15
600339.SH,天利高新,化工,6.103E+15
600340.SH,华夏幸福,房地产,6.118E+15
600343.SH,航天动力,国防军工,1.00001E+15
600345.SH,长江通信,通信,1.00001E+15
600346.SH,大橡塑,机械设备,6.107E+15
600348.SH,阳泉煤业,采掘,6.102E+15
600350.SH,山东高速,交通运输,6.117E+15
600351.SH,亚宝药业,医药生物,6.115E+15
600352.SH,浙江龙盛,化工,6.103E+15
600353.SH,旭光股份,电气设备,6.10701E+15
600354.SH,敦煌种业,农林牧渔,6.101E+15
600355.SH,精伦电子,通信,1.00001E+15
600356.SH,恒丰纸业,轻工制造,6.114E+15
600358.SH,国旅联合,休闲服务,6.121E+15
600359.SH,新农开发,农林牧渔,6.101E+15
600360.SH,华微电子,电子,6.108E+15
600361.SH,华联综超,商业贸易,6.12E+15
600362.SH,江西铜业,有色金属,6.105E+15
600363.SH,联创光电,电子,6.108E+15
600365.SH,通葡股份,食品饮料,6.112E+15
600366.SH,宁波韵升,有色金属,6.105E+15
600367.SH,红星发展,化工,6.103E+15
600368.SH,五洲交通,交通运输,6.117E+15
600369.SH,西南证券,非银金融,1.00001E+15
600370.SH,三房巷,纺织服装,6.113E+15
600371.SH,万向德农,农林牧渔,6.101E+15
600372.SH,中航电子,国防军工,1.00001E+15
600373.SH,中文传媒,传媒,6.12201E+15
600375.SH,华菱星马,机械设备,6.107E+15
600376.SH,首开股份,房地产,6.118E+15
600377.SH,宁沪高速,交通运输,6.117E+15
600378.SH,天科股份,化工,6.103E+15
600379.SH,宝光股份,电气设备,6.10701E+15
600380.SH,健康元,医药生物,6.115E+15
600381.SH,*ST贤成,采掘,6.102E+15
600382.SH,广东明珠,机械设备,6.107E+15
600383.SH,金地集团,房地产,6.118E+15
600385.SH,ST金泰,医药生物,6.115E+15
600386.SH,北巴传媒,传媒,6.12201E+15
600387.SH,海越股份,化工,6.103E+15
600388.SH,龙净环保,机械设备,6.107E+15
600389.SH,江山股份,化工,6.103E+15
600390.SH,金瑞科技,有色金属,6.105E+15
600391.SH,成发科技,国防军工,1.00001E+15
600392.SH,盛和资源,有色金属,6.105E+15
600393.SH,东华实业,房地产,6.118E+15
600395.SH,盘江股份,采掘,6.102E+15
600396.SH,金山股份,公用事业,6.116E+15
600397.SH,安源煤业,采掘,6.102E+15
600398.SH,海澜之家,纺织服装,6.113E+15
600399.SH,抚顺特钢,钢铁,6.104E+15
600400.SH,红豆股份,纺织服装,6.113E+15
600401.SH,海润光伏,电气设备,6.10701E+15
600403.SH,大有能源,采掘,6.102E+15
600405.SH,动力源,电气设备,6.10701E+15
600406.SH,国电南瑞,电气设备,6.10701E+15
600408.SH,安泰集团,采掘,6.102E+15
600409.SH,三友化工,化工,6.103E+15
600410.SH,华胜天成,计算机,1.00001E+15
600415.SH,小商品城,商业贸易,6.12E+15
600416.SH,湘电股份,电气设备,6.10701E+15
600418.SH,江淮汽车,汽车,1.00001E+15
600419.SH,天润乳业,综合,6.123E+15
600420.SH,现代制药,医药生物,6.115E+15
600421.SH,仰帆控股,综合,6.123E+15
600422.SH,昆明制药,医药生物,6.115E+15
600423.SH,柳化股份,化工,6.103E+15
600425.SH,青松建化,建筑材料,6.10601E+15
600426.SH,华鲁恒升,化工,6.103E+15
600428.SH,中远航运,交通运输,6.117E+15
600429.SH,三元股份,食品饮料,6.112E+15
600432.SH,吉恩镍业,有色金属,6.105E+15
600433.SH,冠豪高新,轻工制造,6.114E+15
600435.SH,北方导航,国防军工,1.00001E+15
600436.SH,片仔癀,医药生物,6.115E+15
600438.SH,通威股份,农林牧渔,6.101E+15
600439.SH,瑞贝卡,轻工制造,6.114E+15
600444.SH,国通管业,化工,6.103E+15
600446.SH,金证股份,计算机,1.00001E+15
600448.SH,华纺股份,纺织服装,6.113E+15
600449.SH,宁夏建材,建筑材料,6.10601E+15
600452.SH,涪陵电力,公用事业,6.116E+15
600455.SH,博通股份,计算机,1.00001E+15
600456.SH,宝钛股份,有色金属,6.105E+15
600458.SH,时代新材,化工,6.103E+15
600459.SH,贵研铂业,有色金属,6.105E+15
600460.SH,士兰微,电子,6.108E+15
600461.SH,洪城水业,公用事业,6.116E+15
600462.SH,石岘纸业,轻工制造,6.114E+15
600463.SH,空港股份,房地产,6.118E+15
600466.SH,迪康药业,医药生物,6.115E+15
600467.SH,好当家,农林牧渔,6.101E+15
600468.SH,百利电气,电气设备,6.10701E+15
600469.SH,风神股份,化工,6.103E+15
600470.SH,六国化工,化工,6.103E+15
600475.SH,华光股份,电气设备,6.10701E+15
600476.SH,湘邮科技,计算机,1.00001E+15
600477.SH,杭萧钢构,建筑装饰,6.10602E+15
600478.SH,科力远,有色金属,6.105E+15
600479.SH,千金药业,医药生物,6.115E+15
600480.SH,凌云股份,汽车,1.00001E+15
600481.SH,双良节能,机械设备,6.107E+15
600482.SH,风帆股份,汽车,1.00001E+15
600483.SH,福能股份,纺织服装,6.113E+15
600485.SH,信威集团,通信,1.00001E+15
600486.SH,扬农化工,化工,6.103E+15
600487.SH,亨通光电,通信,1.00001E+15
600488.SH,天药股份,医药生物,6.115E+15
600489.SH,中金黄金,有色金属,6.105E+15
600490.SH,鹏欣资源,有色金属,6.105E+15
600491.SH,龙元建设,建筑装饰,6.10602E+15
600493.SH,凤竹纺织,纺织服装,6.113E+15
600495.SH,晋西车轴,机械设备,6.107E+15
600496.SH,精工钢构,建筑装饰,6.10602E+15
600497.SH,驰宏锌锗,有色金属,6.105E+15
600498.SH,烽火通信,通信,1.00001E+15
600499.SH,科达洁能,机械设备,6.107E+15
600500.SH,中化国际,化工,6.103E+15
600501.SH,航天晨光,机械设备,6.107E+15
600502.SH,安徽水利,建筑装饰,6.10602E+15
600503.SH,华丽家族,房地产,6.118E+15
600505.SH,西昌电力,公用事业,6.116E+15
600506.SH,香梨股份,农林牧渔,6.101E+15
600507.SH,方大特钢,钢铁,6.104E+15
600508.SH,上海能源,采掘,6.102E+15
600509.SH,天富能源,公用事业,6.116E+15
600510.SH,黑牡丹,纺织服装,6.113E+15
600511.SH,国药股份,医药生物,6.115E+15
600512.SH,腾达建设,建筑装饰,6.10602E+15
600513.SH,联环药业,医药生物,6.115E+15
600515.SH,海岛建设,商业贸易,6.12E+15
600516.SH,方大炭素,有色金属,6.105E+15
600517.SH,置信电气,电气设备,6.10701E+15
600518.SH,康美药业,医药生物,6.115E+15
600519.SH,贵州茅台,食品饮料,6.112E+15
600520.SH,中发科技,机械设备,6.107E+15
600521.SH,华海药业,医药生物,6.115E+15
600522.SH,中天科技,通信,1.00001E+15
600523.SH,贵航股份,汽车,1.00001E+15
600525.SH,长园集团,电气设备,6.10701E+15
600526.SH,菲达环保,机械设备,6.107E+15
600527.SH,江南高纤,化工,6.103E+15
600528.SH,中铁二局,建筑装饰,6.10602E+15
600529.SH,山东药玻,医药生物,6.115E+15
600530.SH,交大昂立,医药生物,6.115E+15
600531.SH,豫光金铅,有色金属,6.105E+15
600532.SH,宏达矿业,采掘,6.102E+15
600533.SH,栖霞建设,房地产,6.118E+15
600535.SH,天士力,医药生物,6.115E+15
600536.SH,中国软件,计算机,1.00001E+15
600537.SH,亿晶光电,电气设备,6.10701E+15
600538.SH,国发股份,化工,6.103E+15
600539.SH,狮头股份,建筑材料,6.10601E+15
600540.SH,新赛股份,农林牧渔,6.101E+15
600543.SH,莫高股份,食品饮料,6.112E+15
600545.SH,新疆城建,建筑装饰,6.10602E+15
600546.SH,山煤国际,采掘,6.102E+15
600547.SH,山东黄金,有色金属,6.105E+15
600548.SH,深高速,交通运输,6.117E+15
600549.SH,厦门钨业,有色金属,6.105E+15
600550.SH,*ST天威,电气设备,6.10701E+15
600551.SH,时代出版,传媒,6.12201E+15
600552.SH,方兴科技,建筑材料,6.10601E+15
600555.SH,九龙山,房地产,6.118E+15
600556.SH,北生药业,综合,6.123E+15
600557.SH,康缘药业,医药生物,6.115E+15
600558.SH,大西洋,机械设备,6.107E+15
600559.SH,老白干酒,食品饮料,6.112E+15
600560.SH,金自天正,机械设备,6.107E+15
600561.SH,江西长运,交通运输,6.117E+15
600562.SH,国睿科技,建筑材料,6.10601E+15
600563.SH,法拉电子,电子,6.108E+15
600565.SH,迪马股份,房地产,6.118E+15
600566.SH,洪城股份,医药生物,6.115E+15
600567.SH,山鹰纸业,轻工制造,6.114E+15
600568.SH,中珠控股,房地产,6.118E+15
600569.SH,安阳钢铁,钢铁,6.104E+15
600570.SH,恒生电子,计算机,1.00001E+15
600571.SH,信雅达,计算机,1.00001E+15
600572.SH,康恩贝,医药生物,6.115E+15
600573.SH,惠泉啤酒,食品饮料,6.112E+15
600575.SH,皖江物流,交通运输,6.117E+15
600576.SH,万好万家,房地产,6.118E+15
600577.SH,精达股份,机械设备,6.107E+15
600578.SH,京能电力,公用事业,6.116E+15
600579.SH,天华院,机械设备,6.107E+15
600580.SH,卧龙电气,电气设备,6.10701E+15
600581.SH,八一钢铁,钢铁,6.104E+15
600582.SH,天地科技,机械设备,6.107E+15
600583.SH,海油工程,采掘,6.102E+15
600584.SH,长电科技,电子,6.108E+15
600585.SH,海螺水泥,建筑材料,6.10601E+15
600586.SH,金晶科技,建筑材料,6.10601E+15
600587.SH,新华医疗,医药生物,6.115E+15
600588.SH,用友软件,计算机,1.00001E+15
600589.SH,广东榕泰,化工,6.103E+15
600590.SH,泰豪科技,电气设备,6.10701E+15
600592.SH,龙溪股份,机械设备,6.107E+15
600593.SH,大连圣亚,休闲服务,6.121E+15
600594.SH,益佰制药,医药生物,6.115E+15
600595.SH,中孚实业,有色金属,6.105E+15
600596.SH,新安股份,化工,6.103E+15
600597.SH,光明乳业,食品饮料,6.112E+15
600598.SH,*ST大荒,农林牧渔,6.101E+15
600599.SH,熊猫烟花,轻工制造,6.114E+15
600600.SH,青岛啤酒,食品饮料,6.112E+15
600601.SH,方正科技,计算机,1.00001E+15
600602.SH,仪电电子,电子,6.108E+15
600603.SH,大洲兴业,综合,6.123E+15
600604.SH,市北高新,房地产,6.118E+15
600605.SH,汇通能源,商业贸易,6.12E+15
600606.SH,金丰投资,房地产,6.118E+15
600608.SH,上海科技,综合,6.123E+15
600609.SH,金杯汽车,汽车,1.00001E+15
600610.SH,*ST中纺,机械设备,6.107E+15
600611.SH,大众交通,交通运输,6.117E+15
600612.SH,老凤祥,轻工制造,6.114E+15
600613.SH,神奇制药,医药生物,6.115E+15
600614.SH,鼎立股份,综合,6.123E+15
600615.SH,丰华股份,房地产,6.118E+15
600616.SH,金枫酒业,食品饮料,6.112E+15
600617.SH,国新能源,公用事业,6.116E+15
600618.SH,氯碱化工,化工,6.103E+15
600619.SH,海立股份,家用电器,6.111E+15
600620.SH,天宸股份,房地产,6.118E+15
600621.SH,华鑫股份,房地产,6.118E+15
600622.SH,嘉宝集团,房地产,6.118E+15
600623.SH,双钱股份,化工,6.103E+15
600624.SH,复旦复华,综合,6.123E+15
600626.SH,申达股份,纺织服装,6.113E+15
600628.SH,新世界,商业贸易,6.12E+15
600629.SH,棱光实业,建筑材料,6.10601E+15
600630.SH,龙头股份,纺织服装,6.113E+15
600633.SH,浙报传媒,传媒,6.12201E+15
600634.SH,中技控股,综合,6.123E+15
600635.SH,大众公用,非银金融,1.00001E+15
600636.SH,三爱富,化工,6.103E+15
600637.SH,百视通,传媒,6.12201E+15
600638.SH,新黄浦,房地产,6.118E+15
600639.SH,浦东金桥,房地产,6.118E+15
600640.SH,号百控股,休闲服务,6.121E+15
600641.SH,万业企业,房地产,6.118E+15
600642.SH,申能股份,公用事业,6.116E+15
600643.SH,爱建股份,非银金融,1.00001E+15
600644.SH,乐山电力,公用事业,6.116E+15
600645.SH,中源协和,医药生物,6.115E+15
600647.SH,同达创业,房地产,6.118E+15
600648.SH,外高桥,房地产,6.118E+15
600649.SH,城投控股,房地产,6.118E+15
600650.SH,锦江投资,交通运输,6.117E+15
600651.SH,飞乐音响,电子,6.108E+15
600652.SH,爱使股份,采掘,6.102E+15
600653.SH,申华控股,汽车,1.00001E+15
600654.SH,飞乐股份,电子,6.108E+15
600655.SH,豫园商城,商业贸易,6.12E+15
600656.SH,博元投资,公用事业,6.116E+15
600657.SH,信达地产,房地产,6.118E+15
600658.SH,电子城,房地产,6.118E+15
600660.SH,福耀玻璃,汽车,1.00001E+15
600661.SH,新南洋,传媒,6.12201E+15
600662.SH,强生控股,交通运输,6.117E+15
600663.SH,陆家嘴,房地产,6.118E+15
600664.SH,哈药股份,医药生物,6.115E+15
600665.SH,天地源,房地产,6.118E+15
600666.SH,西南药业,医药生物,6.115E+15
600667.SH,太极实业,电子,6.108E+15
600668.SH,尖峰集团,建筑材料,6.10601E+15
600671.SH,天目药业,医药生物,6.115E+15
600673.SH,东阳光科,有色金属,6.105E+15
600674.SH,川投能源,公用事业,6.116E+15
600675.SH,中华企业,房地产,6.118E+15
600676.SH,交运股份,交通运输,6.117E+15
600677.SH,航天通信,国防军工,1.00001E+15
600678.SH,四川金顶,建筑材料,6.10601E+15
600679.SH,金山开发,汽车,1.00001E+15
600680.SH,上海普天,计算机,1.00001E+15
600681.SH,万鸿集团,建筑装饰,6.10602E+15
600682.SH,南京新百,商业贸易,6.12E+15
600683.SH,京投银泰,房地产,6.118E+15
600684.SH,珠江实业,房地产,6.118E+15
600685.SH,广船国际,国防军工,1.00001E+15
600686.SH,金龙汽车,汽车,1.00001E+15
600687.SH,刚泰控股,有色金属,6.105E+15
600688.SH,上海石化,化工,6.103E+15
600689.SH,*ST三毛,纺织服装,6.113E+15
600690.SH,青岛海尔,家用电器,6.111E+15
600691.SH,阳煤化工,化工,6.103E+15
600692.SH,亚通股份,交通运输,6.117E+15
600693.SH,东百集团,商业贸易,6.12E+15
600694.SH,大商股份,商业贸易,6.12E+15
600695.SH,大江股份,农林牧渔,6.101E+15
600696.SH,多伦股份,房地产,6.118E+15
600697.SH,欧亚集团,商业贸易,6.12E+15
600698.SH,湖南天雁,汽车,1.00001E+15
600699.SH,均胜电子,汽车,1.00001E+15
600701.SH,工大高新,综合,6.123E+15
600702.SH,沱牌舍得,食品饮料,6.112E+15
600703.SH,三安光电,电子,6.108E+15
600704.SH,物产中大,商业贸易,6.12E+15
600705.SH,中航资本,非银金融,1.00001E+15
600706.SH,曲江文旅,休闲服务,6.121E+15
600707.SH,彩虹股份,电子,6.108E+15
600708.SH,海博股份,综合,6.123E+15
600710.SH,常林股份,机械设备,6.107E+15
600711.SH,盛屯矿业,有色金属,6.105E+15
600712.SH,南宁百货,商业贸易,6.12E+15
600713.SH,南京医药,医药生物,6.115E+15
600714.SH,金瑞矿业,采掘,6.102E+15
600715.SH,松辽汽车,汽车,1.00001E+15
600716.SH,凤凰股份,房地产,6.118E+15
600717.SH,天津港,交通运输,6.117E+15
600718.SH,东软集团,计算机,1.00001E+15
600719.SH,大连热电,公用事业,6.116E+15
600720.SH,祁连山,建筑材料,6.10601E+15
600721.SH,百花村,采掘,6.102E+15
600722.SH,金牛化工,化工,6.103E+15
600723.SH,首商股份,商业贸易,6.12E+15
600724.SH,宁波富达,房地产,6.118E+15
600725.SH,云维股份,化工,6.103E+15
600726.SH,华电能源,公用事业,6.116E+15
600727.SH,鲁北化工,化工,6.103E+15
600728.SH,佳都科技,计算机,1.00001E+15
600729.SH,重庆百货,商业贸易,6.12E+15
600730.SH,中国高科,综合,6.123E+15
600731.SH,湖南海利,化工,6.103E+15
600732.SH,上海新梅,房地产,6.118E+15
600733.SH,S前锋,综合,6.123E+15
600734.SH,实达集团,房地产,6.118E+15
600735.SH,新华锦,商业贸易,6.12E+15
600736.SH,苏州高新,房地产,6.118E+15
600737.SH,中粮屯河,农林牧渔,6.101E+15
600738.SH,兰州民百,商业贸易,6.12E+15
600739.SH,辽宁成大,商业贸易,6.12E+15
600740.SH,山西焦化,采掘,6.102E+15
600741.SH,华域汽车,汽车,1.00001E+15
600742.SH,一汽富维,汽车,1.00001E+15
600743.SH,华远地产,房地产,6.118E+15
600744.SH,华银电力,公用事业,6.116E+15
600745.SH,中茵股份,房地产,6.118E+15
600746.SH,江苏索普,化工,6.103E+15
600747.SH,大连控股,非银金融,1.00001E+15
600748.SH,上实发展,房地产,6.118E+15
600749.SH,西藏旅游,休闲服务,6.121E+15
600750.SH,江中药业,医药生物,6.115E+15
600751.SH,天津海运,交通运输,6.117E+15
600753.SH,东方银星,房地产,6.118E+15
600754.SH,锦江股份,休闲服务,6.121E+15
600755.SH,厦门国贸,商业贸易,6.12E+15
600756.SH,浪潮软件,计算机,1.00001E+15
600757.SH,长江传媒,传媒,6.12201E+15
600758.SH,红阳能源,公用事业,6.116E+15
600759.SH,洲际油气,房地产,6.118E+15
600760.SH,中航黑豹,国防军工,1.00001E+15
600761.SH,安徽合力,机械设备,6.107E+15
600763.SH,通策医疗,医药生物,6.115E+15
600764.SH,中电广通,计算机,1.00001E+15
600765.SH,中航重机,机械设备,6.107E+15
600766.SH,园城黄金,有色金属,6.105E+15
600767.SH,运盛实业,房地产,6.118E+15
600768.SH,宁波富邦,有色金属,6.105E+15
600769.SH,祥龙电业,公用事业,6.116E+15
600770.SH,综艺股份,综合,6.123E+15
600771.SH,广誉远,医药生物,6.115E+15
600773.SH,西藏城投,房地产,6.118E+15
600774.SH,汉商集团,商业贸易,6.12E+15
600775.SH,南京熊猫,通信,1.00001E+15
600776.SH,东方通信,通信,1.00001E+15
600777.SH,新潮实业,房地产,6.118E+15
600778.SH,友好集团,商业贸易,6.12E+15
600779.SH,水井坊,食品饮料,6.112E+15
600780.SH,通宝能源,公用事业,6.116E+15
600781.SH,辅仁药业,医药生物,6.115E+15
600782.SH,新钢股份,钢铁,6.104E+15
600783.SH,鲁信创投,非银金融,1.00001E+15
600784.SH,鲁银投资,钢铁,6.104E+15
600785.SH,新华百货,商业贸易,6.12E+15
600787.SH,中储股份,交通运输,6.117E+15
600789.SH,鲁抗医药,医药生物,6.115E+15
600790.SH,轻纺城,商业贸易,6.12E+15
600791.SH,京能置业,房地产,6.118E+15
600792.SH,云煤能源,采掘,6.102E+15
600793.SH,ST宜纸,轻工制造,6.114E+15
600794.SH,保税科技,交通运输,6.117E+15
600795.SH,国电电力,公用事业,6.116E+15
600796.SH,钱江生化,医药生物,6.115E+15
600797.SH,浙大网新,计算机,1.00001E+15
600798.SH,宁波海运,交通运输,6.117E+15
600800.SH,天津磁卡,电子,6.108E+15
600801.SH,华新水泥,建筑材料,6.10601E+15
600802.SH,福建水泥,建筑材料,6.10601E+15
600803.SH,威远生化,化工,6.103E+15
600804.SH,鹏博士,传媒,6.12201E+15
600805.SH,悦达投资,汽车,1.00001E+15
600806.SH,昆明机床,机械设备,6.107E+15
600807.SH,天业股份,房地产,6.118E+15
600808.SH,马钢股份,钢铁,6.104E+15
600809.SH,山西汾酒,食品饮料,6.112E+15
600810.SH,神马股份,化工,6.103E+15
600811.SH,东方集团,综合,6.123E+15
600812.SH,华北制药,医药生物,6.115E+15
600814.SH,杭州解百,商业贸易,6.12E+15
600815.SH,厦工股份,机械设备,6.107E+15
600816.SH,安信信托,非银金融,1.00001E+15
600817.SH,ST宏盛,综合,6.123E+15
600818.SH,中路股份,综合,6.123E+15
600819.SH,耀皮玻璃,建筑材料,6.10601E+15
600820.SH,隧道股份,建筑装饰,6.10602E+15
600821.SH,津劝业,商业贸易,6.12E+15
600822.SH,上海物贸,商业贸易,6.12E+15
600823.SH,世茂股份,房地产,6.118E+15
600824.SH,益民集团,商业贸易,6.12E+15
600825.SH,新华传媒,传媒,6.12201E+15
600826.SH,兰生股份,商业贸易,6.12E+15
600827.SH,百联股份,商业贸易,6.12E+15
600828.SH,成商集团,商业贸易,6.12E+15
600829.SH,三精制药,医药生物,6.115E+15
600830.SH,香溢融通,非银金融,1.00001E+15
600831.SH,广电网络,传媒,6.12201E+15
600832.SH,东方明珠,传媒,6.12201E+15
600833.SH,第一医药,医药生物,6.115E+15
600834.SH,申通地铁,交通运输,6.117E+15
600835.SH,上海机电,机械设备,6.107E+15
600836.SH,界龙实业,轻工制造,6.114E+15
600837.SH,海通证券,非银金融,1.00001E+15
600838.SH,上海九百,商业贸易,6.12E+15
600839.SH,四川长虹,家用电器,6.111E+15
600841.SH,上柴股份,机械设备,6.107E+15
600843.SH,上工申贝,机械设备,6.107E+15
600844.SH,丹化科技,化工,6.103E+15
600845.SH,宝信软件,计算机,1.00001E+15
600846.SH,同济科技,综合,6.123E+15
600847.SH,万里股份,电气设备,6.10701E+15
600848.SH,自仪股份,机械设备,6.107E+15
600850.SH,华东电脑,计算机,1.00001E+15
600851.SH,海欣股份,综合,6.123E+15
600853.SH,龙建股份,建筑装饰,6.10602E+15
600854.SH,春兰股份,家用电器,6.111E+15
600855.SH,航天长峰,计算机,1.00001E+15
600856.SH,长百集团,商业贸易,6.12E+15
600857.SH,工大首创,商业贸易,6.12E+15
600858.SH,银座股份,商业贸易,6.12E+15
600859.SH,王府井,商业贸易,6.12E+15
600860.SH,*ST京城,机械设备,6.107E+15
600861.SH,北京城乡,商业贸易,6.12E+15
600862.SH,南通科技,机械设备,6.107E+15
600863.SH,内蒙华电,公用事业,6.116E+15
600864.SH,哈投股份,公用事业,6.116E+15
600865.SH,百大集团,商业贸易,6.12E+15
600866.SH,星湖科技,食品饮料,6.112E+15
600867.SH,通化东宝,医药生物,6.115E+15
600868.SH,梅雁吉祥,公用事业,6.116E+15
600869.SH,智慧能源,电气设备,6.10701E+15
600870.SH,厦华电子,家用电器,6.111E+15
600871.SH,*ST仪化,化工,6.103E+15
600872.SH,中炬高新,食品饮料,6.112E+15
600873.SH,梅花生物,食品饮料,6.112E+15
600874.SH,创业环保,公用事业,6.116E+15
600875.SH,东方电气,电气设备,6.10701E+15
600876.SH,洛阳玻璃,建筑材料,6.10601E+15
600877.SH,中国嘉陵,汽车,1.00001E+15
600879.SH,航天电子,国防军工,1.00001E+15
600880.SH,博瑞传播,传媒,6.12201E+15
600881.SH,亚泰集团,建筑材料,6.10601E+15
600882.SH,华联矿业,采掘,6.102E+15
600883.SH,博闻科技,综合,6.123E+15
600884.SH,杉杉股份,综合,6.123E+15
600885.SH,宏发股份,电气设备,6.10701E+15
600886.SH,国投电力,公用事业,6.116E+15
600887.SH,伊利股份,食品饮料,6.112E+15
600888.SH,新疆众和,有色金属,6.105E+15
600889.SH,南京化纤,化工,6.103E+15
600890.SH,中房股份,房地产,6.118E+15
600891.SH,秋林集团,商业贸易,6.12E+15
600892.SH,宝诚股份,综合,6.123E+15
600893.SH,航空动力,国防军工,1.00001E+15
600894.SH,广日股份,机械设备,6.107E+15
600895.SH,张江高科,房地产,6.118E+15
600896.SH,中海海盛,交通运输,6.117E+15
600897.SH,厦门空港,交通运输,6.117E+15
600898.SH,三联商社,商业贸易,6.12E+15
600900.SH,长江电力,公用事业,6.116E+15
600917.SH,重庆燃气,公用事业,6.116E+15
600960.SH,渤海活塞,机械设备,6.107E+15
600961.SH,株冶集团,有色金属,6.105E+15
600962.SH,国投中鲁,农林牧渔,6.101E+15
600963.SH,岳阳林纸,轻工制造,6.114E+15
600965.SH,福成五丰,农林牧渔,6.101E+15
600966.SH,博汇纸业,轻工制造,6.114E+15
600967.SH,北方创业,机械设备,6.107E+15
600969.SH,郴电国际,公用事业,6.116E+15
600970.SH,中材国际,建筑装饰,6.10602E+15
600971.SH,恒源煤电,采掘,6.102E+15
600973.SH,宝胜股份,电气设备,6.10701E+15
600975.SH,新五丰,农林牧渔,6.101E+15
600976.SH,健民集团,医药生物,6.115E+15
600978.SH,宜华木业,轻工制造,6.114E+15
600979.SH,广安爱众,公用事业,6.116E+15
600980.SH,北矿磁材,有色金属,6.105E+15
600981.SH,汇鸿股份,商业贸易,6.12E+15
600982.SH,宁波热电,公用事业,6.116E+15
600983.SH,惠而浦,家用电器,6.111E+15
600984.SH,建设机械,机械设备,6.107E+15
600985.SH,雷鸣科化,化工,6.103E+15
600986.SH,科达股份,建筑装饰,6.10602E+15
600987.SH,航民股份,纺织服装,6.113E+15
600988.SH,赤峰黄金,有色金属,6.105E+15
600990.SH,四创电子,国防军工,1.00001E+15
600992.SH,贵绳股份,机械设备,6.107E+15
600993.SH,马应龙,医药生物,6.115E+15
600995.SH,文山电力,公用事业,6.116E+15
600997.SH,开滦股份,采掘,6.102E+15
600998.SH,九州通,医药生物,6.115E+15
600999.SH,招商证券,非银金融,1.00001E+15
601000.SH,唐山港,交通运输,6.117E+15
601001.SH,大同煤业,采掘,6.102E+15
601002.SH,晋亿实业,机械设备,6.107E+15
601003.SH,柳钢股份,钢铁,6.104E+15
601005.SH,重庆钢铁,钢铁,6.104E+15
601006.SH,大秦铁路,交通运输,6.117E+15
601007.SH,金陵饭店,休闲服务,6.121E+15
601008.SH,连云港,交通运输,6.117E+15
601009.SH,南京银行,银行,1.00001E+15
601010.SH,文峰股份,商业贸易,6.12E+15
601011.SH,宝泰隆,采掘,6.102E+15
601012.SH,隆基股份,电气设备,6.10701E+15
601015.SH,陕西黑猫,采掘,6.102E+15
601016.SH,节能风电,公用事业,6.116E+15
601018.SH,宁波港,交通运输,6.117E+15
601028.SH,玉龙股份,机械设备,6.107E+15
601038.SH,一拖股份,机械设备,6.107E+15
601058.SH,赛轮股份,化工,6.103E+15
601088.SH,中国神华,采掘,6.102E+15
601098.SH,中南传媒,传媒,6.12201E+15
601099.SH,太平洋,非银金融,1.00001E+15
601100.SH,恒立油缸,机械设备,6.107E+15
601101.SH,昊华能源,采掘,6.102E+15
601106.SH,中国一重,机械设备,6.107E+15
601107.SH,四川成渝,交通运输,6.117E+15
601111.SH,中国国航,交通运输,6.117E+15
601113.SH,华鼎股份,化工,6.103E+15
601116.SH,三江购物,商业贸易,6.12E+15
601117.SH,中国化学,建筑装饰,6.10602E+15
601118.SH,海南橡胶,农林牧渔,6.101E+15
601126.SH,四方股份,电气设备,6.10701E+15
601137.SH,博威合金,有色金属,6.105E+15
601139.SH,深圳燃气,公用事业,6.116E+15
601158.SH,重庆水务,公用事业,6.116E+15
601166.SH,兴业银行,银行,1.00001E+15
601168.SH,西部矿业,有色金属,6.105E+15
601169.SH,北京银行,银行,1.00001E+15
601177.SH,杭齿前进,机械设备,6.107E+15
601179.SH,中国西电,电气设备,6.10701E+15
601186.SH,中国铁建,建筑装饰,6.10602E+15
601188.SH,龙江交通,交通运输,6.117E+15
601199.SH,江南水务,公用事业,6.116E+15
601208.SH,东材科技,化工,6.103E+15
601216.SH,内蒙君正,化工,6.103E+15
601218.SH,吉鑫科技,电气设备,6.10701E+15
601222.SH,林洋电子,电气设备,6.10701E+15
601225.SH,陕西煤业,采掘,6.102E+15
601226.SH,华电重工,建筑装饰,6.10602E+15
601231.SH,环旭电子,电子,6.108E+15
601233.SH,桐昆股份,化工,6.103E+15
601238.SH,广汽集团,汽车,1.00001E+15
601258.SH,庞大集团,汽车,1.00001E+15
601268.SH,*ST二重,机械设备,6.107E+15
601288.SH,农业银行,银行,1.00001E+15
601299.SH,中国北车,机械设备,6.107E+15
601311.SH,骆驼股份,汽车,1.00001E+15
601313.SH,江南嘉捷,机械设备,6.107E+15
601318.SH,中国平安,非银金融,1.00001E+15
601328.SH,交通银行,银行,1.00001E+15
601333.SH,广深铁路,交通运输,6.117E+15
601336.SH,新华保险,非银金融,1.00001E+15
601339.SH,百隆东方,纺织服装,6.113E+15
601369.SH,陕鼓动力,机械设备,6.107E+15
601377.SH,兴业证券,非银金融,1.00001E+15
601388.SH,怡球资源,有色金属,6.105E+15
601390.SH,中国中铁,建筑装饰,6.10602E+15
601398.SH,工商银行,银行,1.00001E+15
601515.SH,东风股份,轻工制造,6.114E+15
601518.SH,吉林高速,交通运输,6.117E+15
601519.SH,大智慧,计算机,1.00001E+15
601555.SH,东吴证券,非银金融,1.00001E+15
601558.SH,*ST锐电,电气设备,6.10701E+15
601566.SH,九牧王,纺织服装,6.113E+15
601567.SH,三星电气,电气设备,6.10701E+15
601579.SH,会稽山,食品饮料,6.112E+15
601588.SH,北辰实业,房地产,6.118E+15
601599.SH,鹿港科技,纺织服装,6.113E+15
601600.SH,中国铝业,有色金属,6.105E+15
601601.SH,中国太保,非银金融,1.00001E+15
601607.SH,上海医药,医药生物,6.115E+15
601608.SH,中信重工,机械设备,6.107E+15
601616.SH,广电电气,电气设备,6.10701E+15
601618.SH,中国中冶,建筑装饰,6.10602E+15
601628.SH,中国人寿,非银金融,1.00001E+15
601633.SH,长城汽车,汽车,1.00001E+15
601636.SH,旗滨集团,建筑材料,6.10601E+15
601666.SH,平煤股份,采掘,6.102E+15
601668.SH,中国建筑,建筑装饰,6.10602E+15
601669.SH,中国电建,建筑装饰,6.10602E+15
601677.SH,明泰铝业,有色金属,6.105E+15
601678.SH,滨化股份,化工,6.103E+15
601688.SH,华泰证券,非银金融,1.00001E+15
601699.SH,潞安环能,采掘,6.102E+15
601700.SH,风范股份,电气设备,6.10701E+15
601717.SH,郑煤机,机械设备,6.107E+15
601718.SH,际华集团,纺织服装,6.113E+15
601727.SH,上海电气,电气设备,6.10701E+15
601766.SH,中国南车,机械设备,6.107E+15
601777.SH,力帆股份,汽车,1.00001E+15
601788.SH,光大证券,非银金融,1.00001E+15
601789.SH,宁波建工,建筑装饰,6.10602E+15
601798.SH,蓝科高新,机械设备,6.107E+15
601799.SH,星宇股份,汽车,1.00001E+15
601800.SH,中国交建,建筑装饰,6.10602E+15
601801.SH,皖新传媒,传媒,6.12201E+15
601808.SH,中海油服,采掘,6.102E+15
601818.SH,光大银行,银行,1.00001E+15
601857.SH,中国石油,采掘,6.102E+15
601866.SH,中海集运,交通运输,6.117E+15
601872.SH,招商轮船,交通运输,6.117E+15
601877.SH,正泰电器,电气设备,6.10701E+15
601880.SH,大连港,交通运输,6.117E+15
601886.SH,江河创建,建筑装饰,6.10602E+15
601888.SH,中国国旅,休闲服务,6.121E+15
601890.SH,亚星锚链,国防军工,1.00001E+15
601898.SH,中煤能源,采掘,6.102E+15
601899.SH,紫金矿业,有色金属,6.105E+15
601901.SH,方正证券,非银金融,1.00001E+15
601908.SH,京运通,电气设备,6.10701E+15
601918.SH,国投新集,采掘,6.102E+15
601919.SH,中国远洋,交通运输,6.117E+15
601928.SH,凤凰传媒,传媒,6.12201E+15
601929.SH,吉视传媒,传媒,6.12201E+15
601933.SH,永辉超市,商业贸易,6.12E+15
601939.SH,建设银行,银行,1.00001E+15
601958.SH,金钼股份,有色金属,6.105E+15
601965.SH,中国汽研,汽车,1.00001E+15
601969.SH,海南矿业,采掘,6.102E+15
601988.SH,中国银行,银行,1.00001E+15
601989.SH,中国重工,国防军工,1.00001E+15
601991.SH,大唐发电,公用事业,6.116E+15
601992.SH,金隅股份,建筑材料,6.10601E+15
601996.SH,丰林集团,轻工制造,6.114E+15
601998.SH,中信银行,银行,1.00001E+15
601999.SH,出版传媒,传媒,6.12201E+15
603000.SH,人民网,传媒,6.12201E+15
603001.SH,奥康国际,纺织服装,6.113E+15
603002.SH,宏昌电子,化工,6.103E+15
603003.SH,龙宇燃油,化工,6.103E+15
603005.SH,晶方科技,电子,6.108E+15
603006.SH,联明股份,汽车,1.00001E+15
603008.SH,喜临门,轻工制造,6.114E+15
603009.SH,北特科技,汽车,1.00001E+15
603010.SH,万盛股份,化工,6.103E+15
603011.SH,合锻股份,机械设备,6.107E+15
603018.SH,设计股份,建筑装饰,6.10602E+15
603019.SH,中科曙光,计算机,1.00001E+15
603077.SH,和邦股份,化工,6.103E+15
603088.SH,宁波精达,机械设备,6.107E+15
603099.SH,长白山,休闲服务,6.121E+15
603100.SH,川仪股份,电气设备,6.10701E+15
603111.SH,康尼机电,机械设备,6.107E+15
603123.SH,翠微股份,商业贸易,6.12E+15
603126.SH,中材节能,公用事业,6.116E+15
603128.SH,华贸物流,交通运输,6.117E+15
603166.SH,福达股份,汽车,1.00001E+15
603167.SH,渤海轮渡,交通运输,6.117E+15
603168.SH,莎普爱思,医药生物,6.115E+15
603169.SH,兰石重装,机械设备,6.107E+15
603188.SH,亚邦股份,化工,6.103E+15
603288.SH,海天味业,食品饮料,6.112E+15
603306.SH,华懋科技,汽车,1.00001E+15
603308.SH,应流股份,机械设备,6.107E+15
603328.SH,依顿电子,电子,6.108E+15
603333.SH,明星电缆,电气设备,6.10701E+15
603366.SH,日出东方,家用电器,6.111E+15
603368.SH,柳州医药,医药生物,6.115E+15
603369.SH,今世缘,食品饮料,6.112E+15
603399.SH,新华龙,有色金属,6.105E+15
603456.SH,九洲药业,医药生物,6.115E+15
603518.SH,维格娜丝,纺织服装,6.113E+15
603555.SH,贵人鸟,纺织服装,6.113E+15
603606.SH,东方电缆,电气设备,6.10701E+15
603609.SH,禾丰牧业,农林牧渔,6.101E+15
603688.SH,石英股份,有色金属,6.105E+15
603699.SH,纽威股份,机械设备,6.107E+15
603766.SH,隆鑫通用,汽车,1.00001E+15
603806.SH,福斯特,电气设备,6.10701E+15
603988.SH,中电电机,电气设备,6.10701E+15
603993.SH,洛阳钼业,有色金属,6.105E+15
603998.SH,方盛制药,医药生物,6.115E+15
